timestamp,und_close,vix_close
2026-03-31 09:30:00-04:00,639.72998046875,27.989999771118164
2026-03-31 09:35:00-04:00,639.8991088867188,28.059999465942383
2026-03-31 09:40:00-04:00,639.260009765625,27.989999771118164
2026-03-31 09:45:00-04:00,641.8200073242188,27.56999969482422
2026-03-31 09:50:00-04:00,642.3400268554688,27.420000076293945
2026-03-31 09:55:00-04:00,642.6300048828125,27.3700008392334
2026-03-31 10:00:00-04:00,642.3800048828125,27.40999984741211
2026-03-31 10:05:00-04:00,641.2150268554688,27.600000381469727
2026-03-31 10:10:00-04:00,641.5,27.520000457763672
2026-03-31 10:15:00-04:00,641.969970703125,27.3799991607666
2026-03-31 10:20:00-04:00,642.1799926757812,27.260000228881836
2026-03-31 10:25:00-04:00,642.5,27.229999542236328
2026-03-31 10:30:00-04:00,642.2650146484375,27.309999465942383
2026-03-31 10:35:00-04:00,641.0800170898438,27.510000228881836
2026-03-31 10:40:00-04:00,640.2515869140625,27.799999237060547
2026-03-31 10:45:00-04:00,639.4099731445312,27.950000762939453
2026-03-31 10:50:00-04:00,638.6799926757812,28.1299991607666
2026-03-31 10:55:00-04:00,638.6799926757812,28.190000534057617
2026-03-31 11:00:00-04:00,639.969970703125,27.790000915527344
2026-03-31 11:05:00-04:00,640.5850219726562,27.520000457763672
2026-03-31 11:10:00-04:00,641.9450073242188,27.3799991607666
2026-03-31 11:15:00-04:00,641.75,27.520000457763672
2026-03-31 11:20:00-04:00,641.72998046875,27.559999465942383
2026-03-31 11:25:00-04:00,640.6799926757812,27.65999984741211
2026-03-31 11:30:00-04:00,640.7000122070312,27.719999313354492
2026-03-31 11:35:00-04:00,640.9404296875,27.6299991607666
2026-03-31 11:40:00-04:00,640.760009765625,27.639999389648438
2026-03-31 11:45:00-04:00,640.4149780273438,27.709999084472656
2026-03-31 11:50:00-04:00,640.6300048828125,27.690000534057617
2026-03-31 11:55:00-04:00,639.7899780273438,27.799999237060547
2026-03-31 12:00:00-04:00,640.594970703125,27.6200008392334
2026-03-31 12:05:00-04:00,641.3699951171875,27.40999984741211
2026-03-31 12:10:00-04:00,641.27001953125,27.399999618530273
2026-03-31 12:15:00-04:00,641.5,27.399999618530273
2026-03-31 12:20:00-04:00,642.4400024414062,27.209999084472656
2026-03-31 12:25:00-04:00,642.1199951171875,27.209999084472656
2026-03-31 12:30:00-04:00,641.9600219726562,27.270000457763672
2026-03-31 12:35:00-04:00,644.8699951171875,26.940000534057617
2026-03-31 12:40:00-04:00,647.0800170898438,26.6200008392334
2026-03-31 12:45:00-04:00,646.3099975585938,26.360000610351562
2026-03-31 12:50:00-04:00,646.3099975585938,26.260000228881836
2026-03-31 12:55:00-04:00,646.6400146484375,26.360000610351562
2026-03-31 13:00:00-04:00,648.0599975585938,26.040000915527344
2026-03-31 13:05:00-04:00,646.47998046875,26.25
2026-03-31 13:10:00-04:00,647.489990234375,26.110000610351562
2026-03-31 13:15:00-04:00,648.2999877929688,26.010000228881836
2026-03-31 13:20:00-04:00,647.85498046875,26.110000610351562
2026-03-31 13:25:00-04:00,647.0,26.260000228881836
2026-03-31 13:30:00-04:00,648.1300048828125,26.0
2026-03-31 13:35:00-04:00,646.8699951171875,26.229999542236328
2026-03-31 13:40:00-04:00,646.7100219726562,26.31999969482422
2026-03-31 13:45:00-04:00,647.136474609375,26.280000686645508
2026-03-31 13:50:00-04:00,647.2000122070312,26.360000610351562
2026-03-31 13:55:00-04:00,646.4149780273438,26.5
2026-03-31 14:00:00-04:00,647.0,26.350000381469727
2026-03-31 14:05:00-04:00,647.6599731445312,26.170000076293945
2026-03-31 14:10:00-04:00,647.489990234375,26.170000076293945
2026-03-31 14:15:00-04:00,647.8200073242188,26.139999389648438
2026-03-31 14:20:00-04:00,647.2899780273438,26.260000228881836
2026-03-31 14:25:00-04:00,647.7050170898438,26.260000228881836
2026-03-31 14:30:00-04:00,647.5599975585938,26.299999237060547
2026-03-31 14:35:00-04:00,648.280029296875,26.09000015258789
2026-03-31 14:40:00-04:00,647.9749755859375,26.110000610351562
2026-03-31 14:45:00-04:00,648.3193969726562,26.030000686645508
2026-03-31 14:50:00-04:00,648.6799926757812,25.920000076293945
2026-03-31 14:55:00-04:00,648.6400146484375,25.829999923706055
2026-03-31 15:00:00-04:00,648.940185546875,25.75
2026-03-31 15:05:00-04:00,648.2999877929688,25.850000381469727
2026-03-31 15:10:00-04:00,649.0700073242188,25.68000030517578
2026-03-31 15:15:00-04:00,649.25,25.610000610351562
2026-03-31 15:20:00-04:00,649.6199951171875,25.520000457763672
2026-03-31 15:25:00-04:00,649.4019775390625,25.540000915527344
2026-03-31 15:30:00-04:00,649.7100219726562,25.389999389648438
2026-03-31 15:35:00-04:00,650.4500122070312,25.219999313354492
2026-03-31 15:40:00-04:00,650.177978515625,25.290000915527344
2026-03-31 15:45:00-04:00,650.8699951171875,25.100000381469727
2026-03-31 15:50:00-04:00,649.905029296875,25.360000610351562
2026-03-31 15:55:00-04:00,650.239990234375,25.440000534057617
2026-04-01 09:30:00-04:00,654.989990234375,24.729999542236328
2026-04-01 09:35:00-04:00,655.8350219726562,24.639999389648438
2026-04-01 09:40:00-04:00,653.969970703125,25.110000610351562
2026-04-01 09:45:00-04:00,653.22998046875,25.290000915527344
2026-04-01 09:50:00-04:00,653.9299926757812,24.979999542236328
2026-04-01 09:55:00-04:00,654.2899780273438,25.059999465942383
2026-04-01 10:00:00-04:00,654.6500244140625,24.84000015258789
2026-04-01 10:05:00-04:00,654.7999877929688,24.670000076293945
2026-04-01 10:10:00-04:00,654.5900268554688,24.65999984741211
2026-04-01 10:15:00-04:00,654.72998046875,24.6200008392334
2026-04-01 10:20:00-04:00,654.6199951171875,24.559999465942383
2026-04-01 10:25:00-04:00,655.030029296875,24.43000030517578
2026-04-01 10:30:00-04:00,654.530029296875,24.520000457763672
2026-04-01 10:35:00-04:00,655.489990234375,24.360000610351562
2026-04-01 10:40:00-04:00,655.6500244140625,24.290000915527344
2026-04-01 10:45:00-04:00,656.1799926757812,24.1299991607666
2026-04-01 10:50:00-04:00,656.52197265625,23.959999084472656
2026-04-01 10:55:00-04:00,656.5,23.959999084472656
2026-04-01 11:00:00-04:00,656.5800170898438,23.899999618530273
2026-04-01 11:05:00-04:00,656.969970703125,23.770000457763672
2026-04-01 11:10:00-04:00,656.6099853515625,23.84000015258789
2026-04-01 11:15:00-04:00,656.9400024414062,23.850000381469727
2026-04-01 11:20:00-04:00,656.6749877929688,23.889999389648438
2026-04-01 11:25:00-04:00,656.3300170898438,23.940000534057617
2026-04-01 11:30:00-04:00,656.5050048828125,24.049999237060547
2026-04-01 11:35:00-04:00,657.0996704101562,23.940000534057617
2026-04-01 11:40:00-04:00,657.2100219726562,23.84000015258789
2026-04-01 11:45:00-04:00,657.2100219726562,23.799999237060547
2026-04-01 11:50:00-04:00,657.5,23.719999313354492
2026-04-01 11:55:00-04:00,657.8200073242188,23.540000915527344
2026-04-01 12:00:00-04:00,657.9000244140625,23.559999465942383
2026-04-01 12:05:00-04:00,657.9749755859375,23.530000686645508
2026-04-01 12:10:00-04:00,657.5599975585938,23.6299991607666
2026-04-01 12:15:00-04:00,657.8250122070312,23.700000762939453
2026-04-01 12:20:00-04:00,657.4199829101562,23.799999237060547
2026-04-01 12:25:00-04:00,657.1749877929688,23.860000610351562
2026-04-01 12:30:00-04:00,657.4299926757812,23.799999237060547
2026-04-01 12:35:00-04:00,657.5900268554688,23.739999771118164
2026-04-01 12:40:00-04:00,657.8699951171875,23.6299991607666
2026-04-01 12:45:00-04:00,657.75,23.639999389648438
2026-04-01 12:50:00-04:00,657.8499755859375,23.639999389648438
2026-04-01 12:55:00-04:00,657.8099975585938,23.670000076293945
2026-04-01 13:00:00-04:00,658.3099975585938,23.600000381469727
2026-04-01 13:05:00-04:00,658.3200073242188,23.59000015258789
2026-04-01 13:10:00-04:00,658.35498046875,23.600000381469727
2026-04-01 13:15:00-04:00,658.3250122070312,23.600000381469727
2026-04-01 13:20:00-04:00,658.4450073242188,23.540000915527344
2026-04-01 13:25:00-04:00,658.2999877929688,23.579999923706055
2026-04-01 13:30:00-04:00,657.9349975585938,23.65999984741211
2026-04-01 13:35:00-04:00,658.0800170898438,23.600000381469727
2026-04-01 13:40:00-04:00,657.9000244140625,23.649999618530273
2026-04-01 13:45:00-04:00,657.625,23.709999084472656
2026-04-01 13:50:00-04:00,657.5499877929688,23.780000686645508
2026-04-01 13:55:00-04:00,656.7899780273438,24.020000457763672
2026-04-01 14:00:00-04:00,655.9600219726562,24.229999542236328
2026-04-01 14:05:00-04:00,656.1098022460938,24.260000228881836
2026-04-01 14:10:00-04:00,655.905029296875,24.34000015258789
2026-04-01 14:15:00-04:00,654.9749755859375,24.739999771118164
2026-04-01 14:20:00-04:00,654.1300048828125,24.989999771118164
2026-04-01 14:25:00-04:00,654.22998046875,25.049999237060547
2026-04-01 14:30:00-04:00,654.0050048828125,25.139999389648438
2026-04-01 14:35:00-04:00,654.4600219726562,25.079999923706055
2026-04-01 14:40:00-04:00,654.8599853515625,25.059999465942383
2026-04-01 14:45:00-04:00,654.64501953125,25.030000686645508
2026-04-01 14:50:00-04:00,654.5700073242188,25.020000457763672
2026-04-01 14:55:00-04:00,654.4099731445312,24.989999771118164
2026-04-01 15:00:00-04:00,654.8099975585938,24.780000686645508
2026-04-01 15:05:00-04:00,655.1699829101562,24.670000076293945
2026-04-01 15:10:00-04:00,655.1900024414062,24.639999389648438
2026-04-01 15:15:00-04:00,655.5650024414062,24.56999969482422
2026-04-01 15:20:00-04:00,655.6950073242188,24.5
2026-04-01 15:25:00-04:00,656.0999755859375,24.3700008392334
2026-04-01 15:30:00-04:00,656.02001953125,24.450000762939453
2026-04-01 15:35:00-04:00,656.2100219726562,24.510000228881836
2026-04-01 15:40:00-04:00,656.155029296875,24.510000228881836
2026-04-01 15:45:00-04:00,655.97998046875,24.6200008392334
2026-04-01 15:50:00-04:00,655.260009765625,24.670000076293945
2026-04-01 15:55:00-04:00,655.1799926757812,24.610000610351562
2026-04-02 09:30:00-04:00,647.0946044921875,27.06999969482422
2026-04-02 09:35:00-04:00,645.3499755859375,27.31999969482422
2026-04-02 09:40:00-04:00,645.6900024414062,27.270000457763672
2026-04-02 09:45:00-04:00,647.0399780273438,26.950000762939453
2026-04-02 09:50:00-04:00,648.6300048828125,26.450000762939453
2026-04-02 09:55:00-04:00,649.6300048828125,26.139999389648438
2026-04-02 10:00:00-04:00,649.0399780273438,26.3700008392334
2026-04-02 10:05:00-04:00,649.8400268554688,26.299999237060547
2026-04-02 10:10:00-04:00,649.6400146484375,26.280000686645508
2026-04-02 10:15:00-04:00,650.2999877929688,26.040000915527344
2026-04-02 10:20:00-04:00,650.7100219726562,25.93000030517578
2026-04-02 10:25:00-04:00,650.3400268554688,25.979999542236328
2026-04-02 10:30:00-04:00,652.2000122070312,25.579999923706055
2026-04-02 10:35:00-04:00,656.4500122070312,26.440000534057617
2026-04-02 10:40:00-04:00,656.0499877929688,24.739999771118164
2026-04-02 10:45:00-04:00,654.1199951171875,24.959999084472656
2026-04-02 10:50:00-04:00,654.7050170898438,25.030000686645508
2026-04-02 10:55:00-04:00,655.3900146484375,24.8700008392334
2026-04-02 11:00:00-04:00,655.010009765625,25.190000534057617
2026-04-02 11:05:00-04:00,654.843017578125,25.34000015258789
2026-04-02 11:10:00-04:00,655.25,25.170000076293945
2026-04-02 11:15:00-04:00,655.1900024414062,25.1299991607666
2026-04-02 11:20:00-04:00,654.7000122070312,25.299999237060547
2026-04-02 11:25:00-04:00,655.2899780273438,25.209999084472656
2026-04-02 11:30:00-04:00,654.9656982421875,25.350000381469727
2026-04-02 11:35:00-04:00,655.2100219726562,25.239999771118164
2026-04-02 11:40:00-04:00,655.219970703125,25.270000457763672
2026-04-02 11:45:00-04:00,654.1599731445312,25.520000457763672
2026-04-02 11:50:00-04:00,654.469970703125,25.540000915527344
2026-04-02 11:55:00-04:00,654.0,25.639999389648438
2026-04-02 12:00:00-04:00,653.77001953125,25.690000534057617
2026-04-02 12:05:00-04:00,653.5800170898438,25.68000030517578
2026-04-02 12:10:00-04:00,653.38818359375,25.780000686645508
2026-04-02 12:15:00-04:00,652.5,25.950000762939453
2026-04-02 12:20:00-04:00,652.5499877929688,25.889999389648438
2026-04-02 12:25:00-04:00,652.719970703125,25.90999984741211
2026-04-02 12:30:00-04:00,653.5700073242188,25.709999084472656
2026-04-02 12:35:00-04:00,653.280029296875,25.75
2026-04-02 12:40:00-04:00,654.22998046875,25.5
2026-04-02 12:45:00-04:00,654.27001953125,25.489999771118164
2026-04-02 12:50:00-04:00,654.3499145507812,25.459999084472656
2026-04-02 12:55:00-04:00,653.5599975585938,25.600000381469727
2026-04-02 13:00:00-04:00,653.8099975585938,25.520000457763672
2026-04-02 13:05:00-04:00,653.77001953125,25.489999771118164
2026-04-02 13:10:00-04:00,654.3599853515625,25.5
2026-04-02 13:15:00-04:00,654.6099853515625,25.5
2026-04-02 13:20:00-04:00,654.8400268554688,25.329999923706055
2026-04-02 13:25:00-04:00,654.6300048828125,25.43000030517578
2026-04-02 13:30:00-04:00,654.2999877929688,25.43000030517578
2026-04-02 13:35:00-04:00,654.2899780273438,25.469999313354492
2026-04-02 13:40:00-04:00,654.22998046875,25.469999313354492
2026-04-02 13:45:00-04:00,652.77001953125,25.799999237060547
2026-04-02 13:50:00-04:00,653.22998046875,25.68000030517578
2026-04-02 13:55:00-04:00,653.210205078125,25.639999389648438
2026-04-02 14:00:00-04:00,653.9000244140625,25.459999084472656
2026-04-02 14:05:00-04:00,654.0097045898438,25.34000015258789
2026-04-02 14:10:00-04:00,653.9000244140625,25.309999465942383
2026-04-02 14:15:00-04:00,653.989990234375,25.270000457763672
2026-04-02 14:20:00-04:00,653.6699829101562,25.280000686645508
2026-04-02 14:25:00-04:00,653.510009765625,25.299999237060547
2026-04-02 14:30:00-04:00,653.719970703125,25.280000686645508
2026-04-02 14:35:00-04:00,653.5700073242188,25.360000610351562
2026-04-02 14:40:00-04:00,654.3400268554688,25.139999389648438
2026-04-02 14:45:00-04:00,654.4998779296875,25.059999465942383
2026-04-02 14:50:00-04:00,654.6901245117188,25.010000228881836
2026-04-02 14:55:00-04:00,654.4600219726562,25.09000015258789
2026-04-02 15:00:00-04:00,654.530029296875,25.0
2026-04-02 15:05:00-04:00,654.8300170898438,24.920000076293945
2026-04-02 15:10:00-04:00,654.72998046875,24.860000610351562
2026-04-02 15:15:00-04:00,654.5401000976562,24.93000030517578
2026-04-02 15:20:00-04:00,654.4500122070312,24.899999618530273
2026-04-02 15:25:00-04:00,654.3798828125,24.920000076293945
2026-04-02 15:30:00-04:00,654.3099975585938,24.8700008392334
2026-04-02 15:35:00-04:00,654.760009765625,24.700000762939453
2026-04-02 15:40:00-04:00,654.3889770507812,24.719999313354492
2026-04-02 15:45:00-04:00,654.5900268554688,24.6200008392334
2026-04-02 15:50:00-04:00,655.469970703125,24.299999237060547
2026-04-02 15:55:00-04:00,655.8800048828125,24.149999618530273
2026-04-06 09:30:00-04:00,657.3699951171875,24.739999771118164
2026-04-06 09:35:00-04:00,656.59521484375,25.0
2026-04-06 09:40:00-04:00,656.7550048828125,24.81999969482422
2026-04-06 09:45:00-04:00,657.0800170898438,24.719999313354492
2026-04-06 09:50:00-04:00,657.5750122070312,24.3700008392334
2026-04-06 09:55:00-04:00,658.530029296875,24.209999084472656
2026-04-06 10:00:00-04:00,656.4400024414062,24.65999984741211
2026-04-06 10:05:00-04:00,657.1651000976562,24.489999771118164
2026-04-06 10:10:00-04:00,658.0599975585938,24.200000762939453
2026-04-06 10:15:00-04:00,658.2849731445312,24.059999465942383
2026-04-06 10:20:00-04:00,658.630126953125,23.93000030517578
2026-04-06 10:25:00-04:00,658.3699951171875,23.90999984741211
2026-04-06 10:30:00-04:00,658.4500122070312,23.889999389648438
2026-04-06 10:35:00-04:00,657.0999755859375,24.399999618530273
2026-04-06 10:40:00-04:00,657.6799926757812,24.200000762939453
2026-04-06 10:45:00-04:00,656.7756958007812,24.5
2026-04-06 10:50:00-04:00,657.3200073242188,24.299999237060547
2026-04-06 10:55:00-04:00,657.489990234375,24.219999313354492
2026-04-06 11:00:00-04:00,657.5399780273438,24.18000030517578
2026-04-06 11:05:00-04:00,657.739990234375,24.1200008392334
2026-04-06 11:10:00-04:00,657.4901123046875,24.209999084472656
2026-04-06 11:15:00-04:00,657.3455200195312,24.110000610351562
2026-04-06 11:20:00-04:00,657.030029296875,24.190000534057617
2026-04-06 11:25:00-04:00,656.9249877929688,24.25
2026-04-06 11:30:00-04:00,656.8900146484375,24.31999969482422
2026-04-06 11:35:00-04:00,656.9749755859375,24.299999237060547
2026-04-06 11:40:00-04:00,657.0999755859375,24.229999542236328
2026-04-06 11:45:00-04:00,657.4699096679688,24.09000015258789
2026-04-06 11:50:00-04:00,657.8800048828125,23.989999771118164
2026-04-06 11:55:00-04:00,657.8499755859375,24.049999237060547
2026-04-06 12:00:00-04:00,657.4650268554688,24.06999969482422
2026-04-06 12:05:00-04:00,657.2899780273438,24.139999389648438
2026-04-06 12:10:00-04:00,657.6192016601562,24.1200008392334
2026-04-06 12:15:00-04:00,657.5800170898438,24.1299991607666
2026-04-06 12:20:00-04:00,657.739990234375,24.110000610351562
2026-04-06 12:25:00-04:00,657.793212890625,24.06999969482422
2026-04-06 12:30:00-04:00,657.989990234375,24.079999923706055
2026-04-06 12:35:00-04:00,658.1400146484375,24.1200008392334
2026-04-06 12:40:00-04:00,658.2650146484375,24.1299991607666
2026-04-06 12:45:00-04:00,658.3499755859375,24.149999618530273
2026-04-06 12:50:00-04:00,658.010009765625,24.190000534057617
2026-04-06 12:55:00-04:00,657.9299926757812,24.239999771118164
2026-04-06 13:00:00-04:00,657.3300170898438,24.31999969482422
2026-04-06 13:05:00-04:00,657.260009765625,24.309999465942383
2026-04-06 13:10:00-04:00,656.0399780273438,24.6299991607666
2026-04-06 13:15:00-04:00,656.47998046875,24.600000381469727
2026-04-06 13:20:00-04:00,657.2550048828125,24.350000381469727
2026-04-06 13:25:00-04:00,657.3900756835938,24.290000915527344
2026-04-06 13:30:00-04:00,657.4199829101562,24.149999618530273
2026-04-06 13:35:00-04:00,657.2100219726562,24.260000228881836
2026-04-06 13:40:00-04:00,657.1300048828125,24.309999465942383
2026-04-06 13:45:00-04:00,656.8300170898438,24.399999618530273
2026-04-06 13:50:00-04:00,656.60498046875,24.43000030517578
2026-04-06 13:55:00-04:00,656.469970703125,24.5
2026-04-06 14:00:00-04:00,656.3300170898438,24.510000228881836
2026-04-06 14:05:00-04:00,656.7449951171875,24.40999984741211
2026-04-06 14:10:00-04:00,657.3400268554688,24.299999237060547
2026-04-06 14:15:00-04:00,657.9650268554688,24.170000076293945
2026-04-06 14:20:00-04:00,658.360107421875,24.149999618530273
2026-04-06 14:25:00-04:00,658.239990234375,24.219999313354492
2026-04-06 14:30:00-04:00,657.9600219726562,24.479999542236328
2026-04-06 14:35:00-04:00,657.8900756835938,24.5
2026-04-06 14:40:00-04:00,657.9000244140625,24.469999313354492
2026-04-06 14:45:00-04:00,658.1298828125,24.420000076293945
2026-04-06 14:50:00-04:00,658.280029296875,24.3799991607666
2026-04-06 14:55:00-04:00,658.2899780273438,24.3700008392334
2026-04-06 15:00:00-04:00,658.3701171875,24.450000762939453
2026-04-06 15:05:00-04:00,657.97998046875,24.510000228881836
2026-04-06 15:10:00-04:00,658.1300048828125,24.479999542236328
2026-04-06 15:15:00-04:00,658.0499877929688,24.479999542236328
2026-04-06 15:20:00-04:00,657.9700927734375,24.469999313354492
2026-04-06 15:25:00-04:00,657.880126953125,24.489999771118164
2026-04-06 15:30:00-04:00,658.0999755859375,24.43000030517578
2026-04-06 15:35:00-04:00,658.1099853515625,24.420000076293945
2026-04-06 15:40:00-04:00,658.27001953125,24.3799991607666
2026-04-06 15:45:00-04:00,658.72998046875,24.260000228881836
2026-04-06 15:50:00-04:00,658.2999877929688,24.299999237060547
2026-04-06 15:55:00-04:00,658.8699951171875,24.170000076293945
2026-04-07 09:30:00-04:00,655.739990234375,25.540000915527344
2026-04-07 09:35:00-04:00,655.239990234375,25.739999771118164
2026-04-07 09:40:00-04:00,654.97998046875,25.899999618530273
2026-04-07 09:45:00-04:00,654.5800170898438,26.200000762939453
2026-04-07 09:50:00-04:00,655.719970703125,26.030000686645508
2026-04-07 09:55:00-04:00,654.0499877929688,26.450000762939453
2026-04-07 10:00:00-04:00,653.5050048828125,26.729999542236328
2026-04-07 10:05:00-04:00,652.3699951171875,27.15999984741211
2026-04-07 10:10:00-04:00,652.755126953125,26.860000610351562
2026-04-07 10:15:00-04:00,653.27001953125,26.639999389648438
2026-04-07 10:20:00-04:00,654.5,26.170000076293945
2026-04-07 10:25:00-04:00,654.4000244140625,26.209999084472656
2026-04-07 10:30:00-04:00,654.6400146484375,26.219999313354492
2026-04-07 10:35:00-04:00,654.3699951171875,26.40999984741211
2026-04-07 10:40:00-04:00,654.0900268554688,26.31999969482422
2026-04-07 10:45:00-04:00,654.010009765625,26.329999923706055
2026-04-07 10:50:00-04:00,653.8151245117188,26.440000534057617
2026-04-07 10:55:00-04:00,652.5999755859375,26.75
2026-04-07 11:00:00-04:00,651.8668823242188,27.020000457763672
2026-04-07 11:05:00-04:00,651.4299926757812,27.229999542236328
2026-04-07 11:10:00-04:00,652.0700073242188,27.079999923706055
2026-04-07 11:15:00-04:00,653.0150146484375,26.780000686645508
2026-04-07 11:20:00-04:00,652.4249877929688,26.920000076293945
2026-04-07 11:25:00-04:00,653.2550048828125,26.6200008392334
2026-04-07 11:30:00-04:00,653.260009765625,26.530000686645508
2026-04-07 11:35:00-04:00,653.0200805664062,26.6299991607666
2026-04-07 11:40:00-04:00,652.6799926757812,26.719999313354492
2026-04-07 11:45:00-04:00,652.9909057617188,26.6299991607666
2026-04-07 11:50:00-04:00,653.3099975585938,26.600000381469727
2026-04-07 11:55:00-04:00,653.8099975585938,26.389999389648438
2026-04-07 12:00:00-04:00,655.4299926757812,25.809999465942383
2026-04-07 12:05:00-04:00,654.780029296875,26.290000915527344
2026-04-07 12:10:00-04:00,655.1799926757812,26.270000457763672
2026-04-07 12:15:00-04:00,655.1799926757812,26.40999984741211
2026-04-07 12:20:00-04:00,655.8099975585938,26.40999984741211
2026-04-07 12:25:00-04:00,655.9199829101562,26.309999465942383
2026-04-07 12:30:00-04:00,656.2349853515625,26.329999923706055
2026-04-07 12:35:00-04:00,655.5999755859375,26.459999084472656
2026-04-07 12:40:00-04:00,656.0800170898438,26.3799991607666
2026-04-07 12:45:00-04:00,656.47998046875,26.239999771118164
2026-04-07 12:50:00-04:00,656.5399780273438,26.18000030517578
2026-04-07 12:55:00-04:00,656.0399780273438,26.299999237060547
2026-04-07 13:00:00-04:00,656.6400146484375,26.34000015258789
2026-04-07 13:05:00-04:00,656.4650268554688,26.459999084472656
2026-04-07 13:10:00-04:00,656.25,26.5
2026-04-07 13:15:00-04:00,656.0599975585938,26.579999923706055
2026-04-07 13:20:00-04:00,655.8300170898438,26.65999984741211
2026-04-07 13:25:00-04:00,655.8200073242188,26.670000076293945
2026-04-07 13:30:00-04:00,656.72998046875,26.3799991607666
2026-04-07 13:35:00-04:00,657.4400024414062,26.280000686645508
2026-04-07 13:40:00-04:00,656.75,26.6200008392334
2026-04-07 13:45:00-04:00,656.8599853515625,26.600000381469727
2026-04-07 13:50:00-04:00,656.97998046875,26.540000915527344
2026-04-07 13:55:00-04:00,656.7249755859375,26.600000381469727
2026-04-07 14:00:00-04:00,656.639892578125,26.6200008392334
2026-04-07 14:05:00-04:00,656.3400268554688,26.65999984741211
2026-04-07 14:10:00-04:00,656.4500122070312,26.600000381469727
2026-04-07 14:15:00-04:00,656.8400268554688,26.510000228881836
2026-04-07 14:20:00-04:00,656.2150268554688,26.84000015258789
2026-04-07 14:25:00-04:00,656.1500244140625,27.06999969482422
2026-04-07 14:30:00-04:00,656.1950073242188,27.010000228881836
2026-04-07 14:35:00-04:00,655.97998046875,27.15999984741211
2026-04-07 14:40:00-04:00,655.489990234375,27.31999969482422
2026-04-07 14:45:00-04:00,655.030029296875,27.43000030517578
2026-04-07 14:50:00-04:00,654.2100219726562,27.709999084472656
2026-04-07 14:55:00-04:00,653.9600219726562,27.780000686645508
2026-04-07 15:00:00-04:00,654.0800170898438,27.770000457763672
2026-04-07 15:05:00-04:00,653.7999877929688,27.739999771118164
2026-04-07 15:10:00-04:00,654.4500122070312,27.420000076293945
2026-04-07 15:15:00-04:00,657.1799926757812,26.68000030517578
2026-04-07 15:20:00-04:00,656.6699829101562,26.719999313354492
2026-04-07 15:25:00-04:00,656.6599731445312,26.56999969482422
2026-04-07 15:30:00-04:00,656.4500122070312,26.65999984741211
2026-04-07 15:35:00-04:00,656.04150390625,26.920000076293945
2026-04-07 15:40:00-04:00,656.7899780273438,26.899999618530273
2026-04-07 15:45:00-04:00,657.719970703125,26.8799991607666
2026-04-07 15:50:00-04:00,658.41748046875,26.420000076293945
2026-04-07 15:55:00-04:00,659.260009765625,26.010000228881836
2026-04-08 09:30:00-04:00,676.0189819335938,20.030000686645508
2026-04-08 09:35:00-04:00,675.4299926757812,20.139999389648438
2026-04-08 09:40:00-04:00,675.0800170898438,20.450000762939453
2026-04-08 09:45:00-04:00,676.0999755859375,20.290000915527344
2026-04-08 09:50:00-04:00,674.0999755859375,20.899999618530273
2026-04-08 09:55:00-04:00,674.6300048828125,20.81999969482422
2026-04-08 10:00:00-04:00,675.0549926757812,20.780000686645508
2026-04-08 10:05:00-04:00,674.8499755859375,20.989999771118164
2026-04-08 10:10:00-04:00,674.9099731445312,20.889999389648438
2026-04-08 10:15:00-04:00,674.5999755859375,20.989999771118164
2026-04-08 10:20:00-04:00,674.719970703125,20.979999542236328
2026-04-08 10:25:00-04:00,674.1300048828125,21.209999084472656
2026-04-08 10:30:00-04:00,673.72998046875,21.520000457763672
2026-04-08 10:35:00-04:00,673.3200073242188,21.709999084472656
2026-04-08 10:40:00-04:00,673.4000244140625,21.610000610351562
2026-04-08 10:45:00-04:00,673.469970703125,21.68000030517578
2026-04-08 10:50:00-04:00,673.0700073242188,21.700000762939453
2026-04-08 10:55:00-04:00,672.8800048828125,21.860000610351562
2026-04-08 11:00:00-04:00,673.6500244140625,21.559999465942383
2026-04-08 11:05:00-04:00,672.72998046875,21.799999237060547
2026-04-08 11:10:00-04:00,673.1199951171875,21.559999465942383
2026-04-08 11:15:00-04:00,673.4099731445312,21.469999313354492
2026-04-08 11:20:00-04:00,673.52001953125,21.34000015258789
2026-04-08 11:25:00-04:00,673.030029296875,21.360000610351562
2026-04-08 11:30:00-04:00,673.77001953125,21.25
2026-04-08 11:35:00-04:00,674.22998046875,21.100000381469727
2026-04-08 11:40:00-04:00,674.239990234375,21.219999313354492
2026-04-08 11:45:00-04:00,674.7849731445312,21.049999237060547
2026-04-08 11:50:00-04:00,674.8599853515625,21.049999237060547
2026-04-08 11:55:00-04:00,674.8900146484375,21.040000915527344
2026-04-08 12:00:00-04:00,675.3800048828125,20.959999084472656
2026-04-08 12:05:00-04:00,675.1900024414062,21.020000457763672
2026-04-08 12:10:00-04:00,674.9000244140625,21.040000915527344
2026-04-08 12:15:00-04:00,674.8099975585938,21.09000015258789
2026-04-08 12:20:00-04:00,674.8900146484375,21.020000457763672
2026-04-08 12:25:00-04:00,675.02001953125,20.950000762939453
2026-04-08 12:30:00-04:00,675.3499755859375,20.8700008392334
2026-04-08 12:35:00-04:00,675.5050048828125,20.829999923706055
2026-04-08 12:40:00-04:00,675.8699951171875,20.770000457763672
2026-04-08 12:45:00-04:00,675.969970703125,20.690000534057617
2026-04-08 12:50:00-04:00,675.97998046875,20.670000076293945
2026-04-08 12:55:00-04:00,676.052978515625,20.709999084472656
2026-04-08 13:00:00-04:00,676.0800170898438,20.700000762939453
2026-04-08 13:05:00-04:00,675.8099975585938,20.799999237060547
2026-04-08 13:10:00-04:00,675.8699951171875,20.84000015258789
2026-04-08 13:15:00-04:00,675.719970703125,20.959999084472656
2026-04-08 13:20:00-04:00,675.25,21.139999389648438
2026-04-08 13:25:00-04:00,675.010009765625,21.270000457763672
2026-04-08 13:30:00-04:00,675.1799926757812,21.290000915527344
2026-04-08 13:35:00-04:00,675.260009765625,21.260000228881836
2026-04-08 13:40:00-04:00,675.5750122070312,21.219999313354492
2026-04-08 13:45:00-04:00,675.4100952148438,21.280000686645508
2026-04-08 13:50:00-04:00,675.6300048828125,21.25
2026-04-08 13:55:00-04:00,675.8099975585938,21.18000030517578
2026-04-08 14:00:00-04:00,676.219970703125,20.969999313354492
2026-04-08 14:05:00-04:00,676.4450073242188,20.93000030517578
2026-04-08 14:10:00-04:00,676.344970703125,20.889999389648438
2026-04-08 14:15:00-04:00,674.8114013671875,21.34000015258789
2026-04-08 14:20:00-04:00,675.0,21.3700008392334
2026-04-08 14:25:00-04:00,674.8800048828125,21.420000076293945
2026-04-08 14:30:00-04:00,674.844970703125,21.469999313354492
2026-04-08 14:35:00-04:00,674.5499877929688,21.59000015258789
2026-04-08 14:40:00-04:00,674.02001953125,21.729999542236328
2026-04-08 14:45:00-04:00,673.8294067382812,21.719999313354492
2026-04-08 14:50:00-04:00,673.9000244140625,21.68000030517578
2026-04-08 14:55:00-04:00,672.9400024414062,21.850000381469727
2026-04-08 15:00:00-04:00,673.2944946289062,21.799999237060547
2026-04-08 15:05:00-04:00,673.6500244140625,21.6200008392334
2026-04-08 15:10:00-04:00,674.3400268554688,21.420000076293945
2026-04-08 15:15:00-04:00,673.7999877929688,21.5
2026-04-08 15:20:00-04:00,673.8099975585938,21.520000457763672
2026-04-08 15:25:00-04:00,673.5399780273438,21.6200008392334
2026-04-08 15:30:00-04:00,674.5399780273438,21.440000534057617
2026-04-08 15:35:00-04:00,674.7899780273438,21.360000610351562
2026-04-08 15:40:00-04:00,674.7000122070312,21.440000534057617
2026-04-08 15:45:00-04:00,674.9600219726562,21.360000610351562
2026-04-08 15:50:00-04:00,675.3099975585938,21.260000228881836
2026-04-08 15:55:00-04:00,675.8800048828125,21.030000686645508
2026-04-09 09:30:00-04:00,674.6599731445312,21.18000030517578
2026-04-09 09:35:00-04:00,675.1500244140625,20.979999542236328
2026-04-09 09:40:00-04:00,675.5377197265625,20.8799991607666
2026-04-09 09:45:00-04:00,675.4550170898438,20.81999969482422
2026-04-09 09:50:00-04:00,674.8300170898438,21.010000228881836
2026-04-09 09:55:00-04:00,675.27001953125,20.940000534057617
2026-04-09 10:00:00-04:00,675.364990234375,20.899999618530273
2026-04-09 10:05:00-04:00,674.9849853515625,20.93000030517578
2026-04-09 10:10:00-04:00,674.760009765625,21.030000686645508
2026-04-09 10:15:00-04:00,674.4000244140625,21.059999465942383
2026-04-09 10:20:00-04:00,674.5798950195312,20.950000762939453
2026-04-09 10:25:00-04:00,674.2949829101562,21.110000610351562
2026-04-09 10:30:00-04:00,674.1300048828125,21.049999237060547
2026-04-09 10:35:00-04:00,674.4949951171875,20.940000534057617
2026-04-09 10:40:00-04:00,674.2899780273438,21.010000228881836
2026-04-09 10:45:00-04:00,674.760009765625,20.860000610351562
2026-04-09 10:50:00-04:00,675.1599731445312,20.760000228881836
2026-04-09 10:55:00-04:00,675.3099975585938,20.700000762939453
2026-04-09 11:00:00-04:00,674.97998046875,20.75
2026-04-09 11:05:00-04:00,675.010009765625,20.670000076293945
2026-04-09 11:10:00-04:00,675.7000122070312,20.6200008392334
2026-04-09 11:15:00-04:00,676.4199829101562,20.459999084472656
2026-04-09 11:20:00-04:00,676.2899780273438,20.510000228881836
2026-04-09 11:25:00-04:00,675.9299926757812,20.549999237060547
2026-04-09 11:30:00-04:00,677.3699951171875,20.290000915527344
2026-04-09 11:35:00-04:00,677.239990234375,20.389999389648438
2026-04-09 11:40:00-04:00,677.4600219726562,20.34000015258789
2026-04-09 11:45:00-04:00,677.969970703125,20.18000030517578
2026-04-09 11:50:00-04:00,678.5349731445312,20.100000381469727
2026-04-09 11:55:00-04:00,678.8300170898438,20.049999237060547
2026-04-09 12:00:00-04:00,680.0,19.829999923706055
2026-04-09 12:05:00-04:00,679.8699951171875,19.920000076293945
2026-04-09 12:10:00-04:00,679.52001953125,20.0
2026-04-09 12:15:00-04:00,680.280029296875,19.90999984741211
2026-04-09 12:20:00-04:00,679.8150024414062,19.979999542236328
2026-04-09 12:25:00-04:00,679.9000244140625,19.989999771118164
2026-04-09 12:30:00-04:00,679.6900024414062,20.040000915527344
2026-04-09 12:35:00-04:00,679.4000244140625,20.09000015258789
2026-04-09 12:40:00-04:00,679.3499755859375,20.049999237060547
2026-04-09 12:45:00-04:00,679.1591186523438,20.020000457763672
2026-04-09 12:50:00-04:00,679.9299926757812,19.899999618530273
2026-04-09 12:55:00-04:00,679.8699951171875,19.920000076293945
2026-04-09 13:00:00-04:00,680.1400146484375,19.889999389648438
2026-04-09 13:05:00-04:00,680.4849853515625,19.799999237060547
2026-04-09 13:10:00-04:00,680.4000244140625,19.799999237060547
2026-04-09 13:15:00-04:00,680.7999267578125,19.709999084472656
2026-04-09 13:20:00-04:00,680.5700073242188,19.790000915527344
2026-04-09 13:25:00-04:00,680.2901000976562,19.799999237060547
2026-04-09 13:30:00-04:00,680.2100219726562,19.81999969482422
2026-04-09 13:35:00-04:00,681.0,19.709999084472656
2026-04-09 13:40:00-04:00,680.64501953125,19.770000457763672
2026-04-09 13:45:00-04:00,680.8099975585938,19.719999313354492
2026-04-09 13:50:00-04:00,680.52001953125,19.770000457763672
2026-04-09 13:55:00-04:00,680.5399780273438,19.760000228881836
2026-04-09 14:00:00-04:00,679.1099853515625,19.989999771118164
2026-04-09 14:05:00-04:00,679.47998046875,19.979999542236328
2026-04-09 14:10:00-04:00,679.27001953125,20.079999923706055
2026-04-09 14:15:00-04:00,679.3099975585938,20.010000228881836
2026-04-09 14:20:00-04:00,678.8800048828125,20.139999389648438
2026-04-09 14:25:00-04:00,678.8499755859375,20.1299991607666
2026-04-09 14:30:00-04:00,678.6300048828125,20.219999313354492
2026-04-09 14:35:00-04:00,679.3200073242188,20.0
2026-04-09 14:40:00-04:00,679.0,20.06999969482422
2026-04-09 14:45:00-04:00,679.2000122070312,20.010000228881836
2026-04-09 14:50:00-04:00,679.0599975585938,19.989999771118164
2026-04-09 14:55:00-04:00,679.1199951171875,19.889999389648438
2026-04-09 15:00:00-04:00,679.639892578125,19.790000915527344
2026-04-09 15:05:00-04:00,680.0399780273438,19.700000762939453
2026-04-09 15:10:00-04:00,680.02001953125,19.729999542236328
2026-04-09 15:15:00-04:00,679.6749877929688,19.790000915527344
2026-04-09 15:20:00-04:00,679.8920288085938,19.770000457763672
2026-04-09 15:25:00-04:00,679.9199829101562,19.75
2026-04-09 15:30:00-04:00,680.27001953125,19.649999618530273
2026-04-09 15:35:00-04:00,680.2849731445312,19.639999389648438
2026-04-09 15:40:00-04:00,680.3800048828125,19.579999923706055
2026-04-09 15:45:00-04:00,680.1199951171875,19.600000381469727
2026-04-09 15:50:00-04:00,680.52001953125,19.530000686645508
2026-04-09 15:55:00-04:00,679.8699951171875,19.5
2026-04-10 09:30:00-04:00,680.969970703125,19.079999923706055
2026-04-10 09:35:00-04:00,680.739990234375,19.09000015258789
2026-04-10 09:40:00-04:00,680.8599853515625,19.06999969482422
2026-04-10 09:45:00-04:00,680.52001953125,19.1299991607666
2026-04-10 09:50:00-04:00,680.8200073242188,19.030000686645508
2026-04-10 09:55:00-04:00,680.760009765625,18.989999771118164
2026-04-10 10:00:00-04:00,680.5787963867188,18.979999542236328
2026-04-10 10:05:00-04:00,680.5499877929688,19.010000228881836
2026-04-10 10:10:00-04:00,681.219970703125,18.93000030517578
2026-04-10 10:15:00-04:00,681.3300170898438,18.93000030517578
2026-04-10 10:20:00-04:00,681.4199829101562,18.889999389648438
2026-04-10 10:25:00-04:00,681.52001953125,18.8799991607666
2026-04-10 10:30:00-04:00,681.5,18.920000076293945
2026-04-10 10:35:00-04:00,681.4299926757812,18.90999984741211
2026-04-10 10:40:00-04:00,680.8900146484375,19.049999237060547
2026-04-10 10:45:00-04:00,680.739990234375,19.079999923706055
2026-04-10 10:50:00-04:00,680.8099975585938,19.239999771118164
2026-04-10 10:55:00-04:00,681.3599853515625,19.18000030517578
2026-04-10 11:00:00-04:00,681.1300048828125,19.18000030517578
2026-04-10 11:05:00-04:00,681.4299926757812,19.1299991607666
2026-04-10 11:10:00-04:00,681.5900268554688,19.079999923706055
2026-04-10 11:15:00-04:00,681.5599975585938,19.09000015258789
2026-04-10 11:20:00-04:00,681.9500122070312,19.0
2026-04-10 11:25:00-04:00,681.239990234375,19.200000762939453
2026-04-10 11:30:00-04:00,680.8400268554688,19.360000610351562
2026-04-10 11:35:00-04:00,680.4500122070312,19.510000228881836
2026-04-10 11:40:00-04:00,680.4749755859375,19.530000686645508
2026-04-10 11:45:00-04:00,680.2349853515625,19.600000381469727
2026-04-10 11:50:00-04:00,679.760009765625,19.770000457763672
2026-04-10 11:55:00-04:00,679.4600219726562,20.040000915527344
2026-04-10 12:00:00-04:00,679.2899780273438,20.030000686645508
2026-04-10 12:05:00-04:00,679.375,19.950000762939453
2026-04-10 12:10:00-04:00,679.9400024414062,19.729999542236328
2026-04-10 12:15:00-04:00,679.8200073242188,19.780000686645508
2026-04-10 12:20:00-04:00,679.8701171875,19.75
2026-04-10 12:25:00-04:00,679.52001953125,19.799999237060547
2026-04-10 12:30:00-04:00,679.380126953125,19.920000076293945
2026-04-10 12:35:00-04:00,679.0800170898438,20.010000228881836
2026-04-10 12:40:00-04:00,678.6699829101562,20.170000076293945
2026-04-10 12:45:00-04:00,679.219970703125,20.010000228881836
2026-04-10 12:50:00-04:00,679.510009765625,19.889999389648438
2026-04-10 12:55:00-04:00,679.489990234375,19.920000076293945
2026-04-10 13:00:00-04:00,678.7999267578125,20.1200008392334
2026-04-10 13:05:00-04:00,678.9099731445312,20.139999389648438
2026-04-10 13:10:00-04:00,679.0999755859375,20.100000381469727
2026-04-10 13:15:00-04:00,679.010009765625,20.1299991607666
2026-04-10 13:20:00-04:00,678.8200073242188,20.170000076293945
2026-04-10 13:25:00-04:00,678.6701049804688,20.209999084472656
2026-04-10 13:30:00-04:00,678.844970703125,20.209999084472656
2026-04-10 13:35:00-04:00,678.9849853515625,20.1200008392334
2026-04-10 13:40:00-04:00,679.1749877929688,20.020000457763672
2026-04-10 13:45:00-04:00,679.25,19.989999771118164
2026-04-10 13:50:00-04:00,679.5050048828125,19.950000762939453
2026-04-10 13:55:00-04:00,679.4500122070312,19.950000762939453
2026-04-10 14:00:00-04:00,679.0449829101562,20.020000457763672
2026-04-10 14:05:00-04:00,678.994873046875,20.06999969482422
2026-04-10 14:10:00-04:00,679.1400146484375,20.040000915527344
2026-04-10 14:15:00-04:00,679.4949951171875,19.829999923706055
2026-04-10 14:20:00-04:00,679.489990234375,19.799999237060547
2026-04-10 14:25:00-04:00,679.4000244140625,19.81999969482422
2026-04-10 14:30:00-04:00,679.3499755859375,19.889999389648438
2026-04-10 14:35:00-04:00,679.219970703125,19.90999984741211
2026-04-10 14:40:00-04:00,679.0700073242188,19.889999389648438
2026-04-10 14:45:00-04:00,679.1400146484375,19.860000610351562
2026-04-10 14:50:00-04:00,679.2899780273438,19.850000381469727
2026-04-10 14:55:00-04:00,679.3099975585938,19.780000686645508
2026-04-10 15:00:00-04:00,679.5794067382812,19.6200008392334
2026-04-10 15:05:00-04:00,679.5750122070312,19.600000381469727
2026-04-10 15:10:00-04:00,679.9600219726562,19.440000534057617
2026-04-10 15:15:00-04:00,679.864990234375,19.459999084472656
2026-04-10 15:20:00-04:00,679.6497192382812,19.520000457763672
2026-04-10 15:25:00-04:00,679.6400756835938,19.520000457763672
2026-04-10 15:30:00-04:00,679.3870239257812,19.540000915527344
2026-04-10 15:35:00-04:00,679.0700073242188,19.6200008392334
2026-04-10 15:40:00-04:00,679.1099853515625,19.579999923706055
2026-04-10 15:45:00-04:00,678.8400268554688,19.579999923706055
2026-04-10 15:50:00-04:00,678.8499755859375,19.489999771118164
2026-04-10 15:55:00-04:00,679.3400268554688,19.329999923706055
2026-04-13 09:30:00-04:00,677.5,20.5
2026-04-13 09:35:00-04:00,677.25,20.610000610351562
2026-04-13 09:40:00-04:00,676.969970703125,20.690000534057617
2026-04-13 09:45:00-04:00,678.7899780273438,20.280000686645508
2026-04-13 09:50:00-04:00,678.6599731445312,20.299999237060547
2026-04-13 09:55:00-04:00,679.7100219726562,20.100000381469727
2026-04-13 10:00:00-04:00,679.3099975585938,20.229999542236328
2026-04-13 10:05:00-04:00,679.3599853515625,20.139999389648438
2026-04-13 10:10:00-04:00,679.0700073242188,20.1200008392334
2026-04-13 10:15:00-04:00,679.005615234375,20.100000381469727
2026-04-13 10:20:00-04:00,679.4849853515625,19.90999984741211
2026-04-13 10:25:00-04:00,679.5687866210938,19.8700008392334
2026-04-13 10:30:00-04:00,679.7512817382812,19.81999969482422
2026-04-13 10:35:00-04:00,679.510009765625,19.93000030517578
2026-04-13 10:40:00-04:00,679.97998046875,19.81999969482422
2026-04-13 10:45:00-04:00,679.5999755859375,19.959999084472656
2026-04-13 10:50:00-04:00,680.114990234375,19.809999465942383
2026-04-13 10:55:00-04:00,680.5213012695312,19.719999313354492
2026-04-13 11:00:00-04:00,679.780029296875,19.8799991607666
2026-04-13 11:05:00-04:00,679.97998046875,19.860000610351562
2026-04-13 11:10:00-04:00,680.010009765625,19.8700008392334
2026-04-13 11:15:00-04:00,679.6799926757812,19.93000030517578
2026-04-13 11:20:00-04:00,679.6500244140625,19.90999984741211
2026-04-13 11:25:00-04:00,679.510009765625,19.93000030517578
2026-04-13 11:30:00-04:00,679.469970703125,19.989999771118164
2026-04-13 11:35:00-04:00,679.9600219726562,19.899999618530273
2026-04-13 11:40:00-04:00,679.510009765625,19.959999084472656
2026-04-13 11:45:00-04:00,679.469970703125,19.989999771118164
2026-04-13 11:50:00-04:00,679.3399047851562,19.969999313354492
2026-04-13 11:55:00-04:00,679.47998046875,19.950000762939453
2026-04-13 12:00:00-04:00,679.2100219726562,20.010000228881836
2026-04-13 12:05:00-04:00,679.719970703125,19.850000381469727
2026-04-13 12:10:00-04:00,679.875,19.809999465942383
2026-04-13 12:15:00-04:00,680.2000122070312,19.719999313354492
2026-04-13 12:20:00-04:00,680.719970703125,19.6299991607666
2026-04-13 12:25:00-04:00,681.3900146484375,19.450000762939453
2026-04-13 12:30:00-04:00,681.3499755859375,19.520000457763672
2026-04-13 12:35:00-04:00,681.47998046875,19.520000457763672
2026-04-13 12:40:00-04:00,681.5499877929688,19.5
2026-04-13 12:45:00-04:00,682.0399780273438,19.489999771118164
2026-04-13 12:50:00-04:00,682.1199951171875,19.510000228881836
2026-04-13 12:55:00-04:00,682.3099975585938,19.469999313354492
2026-04-13 13:00:00-04:00,682.47998046875,19.510000228881836
2026-04-13 13:05:00-04:00,682.239990234375,19.540000915527344
2026-04-13 13:10:00-04:00,682.3099975585938,19.690000534057617
2026-04-13 13:15:00-04:00,682.5700073242188,19.649999618530273
2026-04-13 13:20:00-04:00,682.2899780273438,19.670000076293945
2026-04-13 13:25:00-04:00,682.47998046875,19.610000610351562
2026-04-13 13:30:00-04:00,682.3499755859375,19.639999389648438
2026-04-13 13:35:00-04:00,682.260009765625,19.639999389648438
2026-04-13 13:40:00-04:00,682.1599731445312,19.649999618530273
2026-04-13 13:45:00-04:00,682.0650024414062,19.68000030517578
2026-04-13 13:50:00-04:00,682.1799926757812,19.6200008392334
2026-04-13 13:55:00-04:00,682.1400146484375,19.59000015258789
2026-04-13 14:00:00-04:00,682.3900146484375,19.540000915527344
2026-04-13 14:05:00-04:00,682.4949951171875,19.520000457763672
2026-04-13 14:10:00-04:00,682.5650024414062,19.510000228881836
2026-04-13 14:15:00-04:00,682.489990234375,19.489999771118164
2026-04-13 14:20:00-04:00,682.3800048828125,19.549999237060547
2026-04-13 14:25:00-04:00,682.375,19.549999237060547
2026-04-13 14:30:00-04:00,682.5349731445312,19.489999771118164
2026-04-13 14:35:00-04:00,682.614990234375,19.450000762939453
2026-04-13 14:40:00-04:00,682.7890014648438,19.43000030517578
2026-04-13 14:45:00-04:00,683.0999755859375,19.350000381469727
2026-04-13 14:50:00-04:00,683.3599243164062,19.3799991607666
2026-04-13 14:55:00-04:00,683.2949829101562,19.389999389648438
2026-04-13 15:00:00-04:00,683.3699951171875,19.3700008392334
2026-04-13 15:05:00-04:00,683.27880859375,19.3700008392334
2026-04-13 15:10:00-04:00,683.1849975585938,19.350000381469727
2026-04-13 15:15:00-04:00,683.4500122070312,19.31999969482422
2026-04-13 15:20:00-04:00,683.760009765625,19.25
2026-04-13 15:25:00-04:00,683.8049926757812,19.219999313354492
2026-04-13 15:30:00-04:00,684.0999755859375,19.15999984741211
2026-04-13 15:35:00-04:00,684.1799926757812,19.15999984741211
2026-04-13 15:40:00-04:00,684.185302734375,19.18000030517578
2026-04-13 15:45:00-04:00,684.0700073242188,19.18000030517578
2026-04-13 15:50:00-04:00,685.6599731445312,18.989999771118164
2026-04-13 15:55:00-04:00,686.010009765625,19.030000686645508
2026-04-14 09:30:00-04:00,688.47998046875,18.290000915527344
2026-04-14 09:35:00-04:00,689.030029296875,18.209999084472656
2026-04-14 09:40:00-04:00,689.8250122070312,18.260000228881836
2026-04-14 09:45:00-04:00,689.7691040039062,18.170000076293945
2026-04-14 09:50:00-04:00,689.5974731445312,18.110000610351562
2026-04-14 09:55:00-04:00,689.489990234375,18.149999618530273
2026-04-14 10:00:00-04:00,689.630126953125,18.100000381469727
2026-04-14 10:05:00-04:00,690.3800048828125,18.049999237060547
2026-04-14 10:10:00-04:00,690.8798828125,17.989999771118164
2026-04-14 10:15:00-04:00,690.6599731445312,18.040000915527344
2026-04-14 10:20:00-04:00,690.7899780273438,18.049999237060547
2026-04-14 10:25:00-04:00,690.97998046875,18.020000457763672
2026-04-14 10:30:00-04:00,690.875,18.040000915527344
2026-04-14 10:35:00-04:00,690.8200073242188,18.030000686645508
2026-04-14 10:40:00-04:00,690.8599853515625,18.06999969482422
2026-04-14 10:45:00-04:00,691.3200073242188,18.25
2026-04-14 10:50:00-04:00,691.6500244140625,18.290000915527344
2026-04-14 10:55:00-04:00,691.5399169921875,18.299999237060547
2026-04-14 11:00:00-04:00,691.239990234375,18.469999313354492
2026-04-14 11:05:00-04:00,690.989990234375,18.440000534057617
2026-04-14 11:10:00-04:00,690.9849853515625,18.389999389648438
2026-04-14 11:15:00-04:00,691.5900268554688,18.260000228881836
2026-04-14 11:20:00-04:00,691.9199829101562,18.229999542236328
2026-04-14 11:25:00-04:00,692.25,18.18000030517578
2026-04-14 11:30:00-04:00,692.469970703125,18.139999389648438
2026-04-14 11:35:00-04:00,692.6900024414062,18.139999389648438
2026-04-14 11:40:00-04:00,692.8200073242188,18.139999389648438
2026-04-14 11:45:00-04:00,692.9299926757812,18.139999389648438
2026-04-14 11:50:00-04:00,693.1950073242188,18.149999618530273
2026-04-14 11:55:00-04:00,692.8599853515625,18.239999771118164
2026-04-14 12:00:00-04:00,693.0850219726562,18.239999771118164
2026-04-14 12:05:00-04:00,693.0650024414062,18.329999923706055
2026-04-14 12:10:00-04:00,693.02001953125,18.360000610351562
2026-04-14 12:15:00-04:00,693.27001953125,18.360000610351562
2026-04-14 12:20:00-04:00,693.47998046875,18.31999969482422
2026-04-14 12:25:00-04:00,693.594970703125,18.34000015258789
2026-04-14 12:30:00-04:00,693.3200073242188,18.43000030517578
2026-04-14 12:35:00-04:00,693.4099731445312,18.43000030517578
2026-04-14 12:40:00-04:00,693.47998046875,18.459999084472656
2026-04-14 12:45:00-04:00,693.6099853515625,18.399999618530273
2026-04-14 12:50:00-04:00,693.1300048828125,18.40999984741211
2026-04-14 12:55:00-04:00,692.9500122070312,18.450000762939453
2026-04-14 13:00:00-04:00,693.1649780273438,18.3700008392334
2026-04-14 13:05:00-04:00,693.14501953125,18.350000381469727
2026-04-14 13:10:00-04:00,693.25,18.350000381469727
2026-04-14 13:15:00-04:00,693.6950073242188,18.309999465942383
2026-04-14 13:20:00-04:00,693.9099731445312,18.350000381469727
2026-04-14 13:25:00-04:00,693.739990234375,18.389999389648438
2026-04-14 13:30:00-04:00,694.0,18.3700008392334
2026-04-14 13:35:00-04:00,693.9349975585938,18.360000610351562
2026-04-14 13:40:00-04:00,694.0150146484375,18.3799991607666
2026-04-14 13:45:00-04:00,693.9849853515625,18.399999618530273
2026-04-14 13:50:00-04:00,693.6900024414062,18.450000762939453
2026-04-14 13:55:00-04:00,693.7249755859375,18.440000534057617
2026-04-14 14:00:00-04:00,693.8400268554688,18.399999618530273
2026-04-14 14:05:00-04:00,693.8400268554688,18.3700008392334
2026-04-14 14:10:00-04:00,693.5449829101562,18.40999984741211
2026-04-14 14:15:00-04:00,692.9500122070312,18.440000534057617
2026-04-14 14:20:00-04:00,692.3099975585938,18.549999237060547
2026-04-14 14:25:00-04:00,692.5999755859375,18.459999084472656
2026-04-14 14:30:00-04:00,692.6550903320312,18.440000534057617
2026-04-14 14:35:00-04:00,692.9849853515625,18.420000076293945
2026-04-14 14:40:00-04:00,692.5872802734375,18.459999084472656
2026-04-14 14:45:00-04:00,692.4099731445312,18.440000534057617
2026-04-14 14:50:00-04:00,692.6300048828125,18.3700008392334
2026-04-14 14:55:00-04:00,692.760009765625,18.3799991607666
2026-04-14 15:00:00-04:00,693.2000122070312,18.34000015258789
2026-04-14 15:05:00-04:00,693.3770751953125,18.399999618530273
2026-04-14 15:10:00-04:00,693.5050048828125,18.34000015258789
2026-04-14 15:15:00-04:00,693.6749877929688,18.360000610351562
2026-04-14 15:20:00-04:00,694.0700073242188,18.3700008392334
2026-04-14 15:25:00-04:00,694.239990234375,18.329999923706055
2026-04-14 15:30:00-04:00,693.969970703125,18.40999984741211
2026-04-14 15:35:00-04:00,694.3200073242188,18.40999984741211
2026-04-14 15:40:00-04:00,694.0700073242188,18.40999984741211
2026-04-14 15:45:00-04:00,694.0499877929688,18.450000762939453
2026-04-14 15:50:00-04:00,693.530029296875,18.489999771118164
2026-04-14 15:55:00-04:00,694.39501953125,18.360000610351562
2026-04-15 09:30:00-04:00,695.75,17.700000762939453
2026-04-15 09:35:00-04:00,696.280029296875,17.670000076293945
2026-04-15 09:40:00-04:00,694.3900146484375,17.760000228881836
2026-04-15 09:45:00-04:00,695.02001953125,17.760000228881836
2026-04-15 09:50:00-04:00,695.02001953125,17.770000457763672
2026-04-15 09:55:00-04:00,695.6799926757812,17.639999389648438
2026-04-15 10:00:00-04:00,695.2666015625,17.670000076293945
2026-04-15 10:05:00-04:00,695.4500732421875,17.65999984741211
2026-04-15 10:10:00-04:00,695.9351196289062,17.579999923706055
2026-04-15 10:15:00-04:00,695.9000244140625,17.540000915527344
2026-04-15 10:20:00-04:00,696.6300048828125,17.40999984741211
2026-04-15 10:25:00-04:00,696.9199829101562,17.469999313354492
2026-04-15 10:30:00-04:00,696.5,17.6299991607666
2026-04-15 10:35:00-04:00,696.0288696289062,17.959999084472656
2026-04-15 10:40:00-04:00,696.739990234375,17.8799991607666
2026-04-15 10:45:00-04:00,697.02001953125,17.8799991607666
2026-04-15 10:50:00-04:00,696.7100219726562,17.8700008392334
2026-04-15 10:55:00-04:00,696.72998046875,17.950000762939453
2026-04-15 11:00:00-04:00,696.8997802734375,18.0
2026-04-15 11:05:00-04:00,696.6699829101562,18.06999969482422
2026-04-15 11:10:00-04:00,697.2999267578125,17.950000762939453
2026-04-15 11:15:00-04:00,697.3599853515625,17.979999542236328
2026-04-15 11:20:00-04:00,697.344970703125,18.030000686645508
2026-04-15 11:25:00-04:00,697.3699951171875,18.030000686645508
2026-04-15 11:30:00-04:00,696.9099731445312,18.06999969482422
2026-04-15 11:35:00-04:00,697.10498046875,18.06999969482422
2026-04-15 11:40:00-04:00,697.4199829101562,18.030000686645508
2026-04-15 11:45:00-04:00,697.4298706054688,18.059999465942383
2026-04-15 11:50:00-04:00,697.219970703125,18.06999969482422
2026-04-15 11:55:00-04:00,697.010009765625,18.100000381469727
2026-04-15 12:00:00-04:00,697.0599975585938,18.020000457763672
2026-04-15 12:05:00-04:00,697.4299926757812,17.969999313354492
2026-04-15 12:10:00-04:00,697.3701171875,17.959999084472656
2026-04-15 12:15:00-04:00,697.5800170898438,17.950000762939453
2026-04-15 12:20:00-04:00,697.7698974609375,17.959999084472656
2026-04-15 12:25:00-04:00,697.3599243164062,18.010000228881836
2026-04-15 12:30:00-04:00,697.260009765625,18.06999969482422
2026-04-15 12:35:00-04:00,697.169921875,18.190000534057617
2026-04-15 12:40:00-04:00,696.3900146484375,18.280000686645508
2026-04-15 12:45:00-04:00,696.6649780273438,18.219999313354492
2026-04-15 12:50:00-04:00,696.1649780273438,18.290000915527344
2026-04-15 12:55:00-04:00,696.530029296875,18.219999313354492
2026-04-15 13:00:00-04:00,697.0399169921875,18.149999618530273
2026-04-15 13:05:00-04:00,697.219970703125,18.1299991607666
2026-04-15 13:10:00-04:00,697.1599731445312,18.190000534057617
2026-04-15 13:15:00-04:00,697.2899780273438,18.139999389648438
2026-04-15 13:20:00-04:00,697.2899780273438,18.15999984741211
2026-04-15 13:25:00-04:00,697.4199829101562,18.229999542236328
2026-04-15 13:30:00-04:00,697.7888793945312,18.18000030517578
2026-04-15 13:35:00-04:00,697.6500244140625,18.15999984741211
2026-04-15 13:40:00-04:00,697.4674072265625,18.18000030517578
2026-04-15 13:45:00-04:00,697.5599975585938,18.149999618530273
2026-04-15 13:50:00-04:00,697.739990234375,18.18000030517578
2026-04-15 13:55:00-04:00,697.4801025390625,18.239999771118164
2026-04-15 14:00:00-04:00,698.010009765625,18.149999618530273
2026-04-15 14:05:00-04:00,698.0999755859375,18.1299991607666
2026-04-15 14:10:00-04:00,698.3150024414062,18.110000610351562
2026-04-15 14:15:00-04:00,698.364990234375,18.100000381469727
2026-04-15 14:20:00-04:00,698.489990234375,18.059999465942383
2026-04-15 14:25:00-04:00,698.5,18.0
2026-04-15 14:30:00-04:00,699.030029296875,17.920000076293945
2026-04-15 14:35:00-04:00,699.010009765625,17.989999771118164
2026-04-15 14:40:00-04:00,698.8740844726562,17.969999313354492
2026-04-15 14:45:00-04:00,699.260009765625,17.90999984741211
2026-04-15 14:50:00-04:00,699.5029296875,17.8799991607666
2026-04-15 14:55:00-04:00,699.6400146484375,17.8700008392334
2026-04-15 15:00:00-04:00,699.7349853515625,17.8799991607666
2026-04-15 15:05:00-04:00,699.8499755859375,17.8700008392334
2026-04-15 15:10:00-04:00,699.469970703125,17.90999984741211
2026-04-15 15:15:00-04:00,699.6400146484375,17.940000534057617
2026-04-15 15:20:00-04:00,699.8099975585938,17.989999771118164
2026-04-15 15:25:00-04:00,700.0,17.989999771118164
2026-04-15 15:30:00-04:00,699.97998046875,18.06999969482422
2026-04-15 15:35:00-04:00,699.52001953125,18.09000015258789
2026-04-15 15:40:00-04:00,699.52001953125,18.110000610351562
2026-04-15 15:45:00-04:00,699.5499877929688,18.09000015258789
2026-04-15 15:50:00-04:00,699.8701171875,18.030000686645508
2026-04-15 15:55:00-04:00,699.8400268554688,18.059999465942383
2026-04-16 09:30:00-04:00,701.0499877929688,18.31999969482422
2026-04-16 09:35:00-04:00,700.6199951171875,18.360000610351562
2026-04-16 09:40:00-04:00,700.8201293945312,18.549999237060547
2026-04-16 09:45:00-04:00,700.6099853515625,18.6299991607666
2026-04-16 09:50:00-04:00,698.75,19.0
2026-04-16 09:55:00-04:00,699.47998046875,18.860000610351562
2026-04-16 10:00:00-04:00,699.3499755859375,18.829999923706055
2026-04-16 10:05:00-04:00,699.6400146484375,18.760000228881836
2026-04-16 10:10:00-04:00,699.64501953125,18.8700008392334
2026-04-16 10:15:00-04:00,698.919921875,18.959999084472656
2026-04-16 10:20:00-04:00,699.0150146484375,19.049999237060547
2026-04-16 10:25:00-04:00,699.1400146484375,19.059999465942383
2026-04-16 10:30:00-04:00,699.3200073242188,19.040000915527344
2026-04-16 10:35:00-04:00,699.0599975585938,19.049999237060547
2026-04-16 10:40:00-04:00,699.5,18.920000076293945
2026-04-16 10:45:00-04:00,699.9500122070312,18.81999969482422
2026-04-16 10:50:00-04:00,700.0700073242188,18.799999237060547
2026-04-16 10:55:00-04:00,699.9400024414062,18.850000381469727
2026-04-16 11:00:00-04:00,700.5399780273438,18.75
2026-04-16 11:05:00-04:00,700.97998046875,18.639999389648438
2026-04-16 11:10:00-04:00,701.4199829101562,18.600000381469727
2026-04-16 11:15:00-04:00,701.3499755859375,18.65999984741211
2026-04-16 11:20:00-04:00,701.6199951171875,18.65999984741211
2026-04-16 11:25:00-04:00,700.780029296875,18.780000686645508
2026-04-16 11:30:00-04:00,701.1099853515625,18.75
2026-04-16 11:35:00-04:00,701.6799926757812,18.610000610351562
2026-04-16 11:40:00-04:00,701.3831176757812,18.670000076293945
2026-04-16 11:45:00-04:00,701.239990234375,18.65999984741211
2026-04-16 11:50:00-04:00,701.7100219726562,18.670000076293945
2026-04-16 11:55:00-04:00,702.219970703125,18.68000030517578
2026-04-16 12:00:00-04:00,702.4099731445312,18.6299991607666
2026-04-16 12:05:00-04:00,702.3198852539062,18.649999618530273
2026-04-16 12:10:00-04:00,702.4550170898438,18.6200008392334
2026-04-16 12:15:00-04:00,702.6950073242188,18.579999923706055
2026-04-16 12:20:00-04:00,702.1599731445312,18.6200008392334
2026-04-16 12:25:00-04:00,702.010009765625,18.6200008392334
2026-04-16 12:30:00-04:00,701.0499877929688,18.780000686645508
2026-04-16 12:35:00-04:00,701.6300048828125,18.670000076293945
2026-04-16 12:40:00-04:00,701.385009765625,18.719999313354492
2026-04-16 12:45:00-04:00,701.419921875,18.719999313354492
2026-04-16 12:50:00-04:00,700.9199829101562,18.790000915527344
2026-04-16 12:55:00-04:00,700.8099975585938,18.75
2026-04-16 13:00:00-04:00,700.5999755859375,18.739999771118164
2026-04-16 13:05:00-04:00,700.614990234375,18.700000762939453
2026-04-16 13:10:00-04:00,700.0800170898438,18.739999771118164
2026-04-16 13:15:00-04:00,700.1500244140625,18.729999542236328
2026-04-16 13:20:00-04:00,700.739990234375,18.6299991607666
2026-04-16 13:25:00-04:00,700.7000122070312,18.579999923706055
2026-04-16 13:30:00-04:00,700.8099975585938,18.510000228881836
2026-04-16 13:35:00-04:00,700.989990234375,18.459999084472656
2026-04-16 13:40:00-04:00,701.3699951171875,18.329999923706055
2026-04-16 13:45:00-04:00,701.4749755859375,18.309999465942383
2026-04-16 13:50:00-04:00,701.135009765625,18.31999969482422
2026-04-16 13:55:00-04:00,700.5999755859375,18.43000030517578
2026-04-16 14:00:00-04:00,700.669921875,18.3799991607666
2026-04-16 14:05:00-04:00,700.1799926757812,18.469999313354492
2026-04-16 14:10:00-04:00,700.5399780273438,18.34000015258789
2026-04-16 14:15:00-04:00,700.3900146484375,18.329999923706055
2026-04-16 14:20:00-04:00,699.8900146484375,18.450000762939453
2026-04-16 14:25:00-04:00,699.7899780273438,18.389999389648438
2026-04-16 14:30:00-04:00,700.47998046875,18.280000686645508
2026-04-16 14:35:00-04:00,700.625,18.190000534057617
2026-04-16 14:40:00-04:00,700.7899780273438,18.15999984741211
2026-04-16 14:45:00-04:00,700.760009765625,18.149999618530273
2026-04-16 14:50:00-04:00,700.614990234375,18.15999984741211
2026-04-16 14:55:00-04:00,700.7050170898438,18.139999389648438
2026-04-16 15:00:00-04:00,700.9799194335938,18.0
2026-04-16 15:05:00-04:00,700.8499755859375,18.06999969482422
2026-04-16 15:10:00-04:00,700.8098754882812,18.100000381469727
2026-04-16 15:15:00-04:00,701.0800170898438,18.0
2026-04-16 15:20:00-04:00,701.0402221679688,17.959999084472656
2026-04-16 15:25:00-04:00,700.9100952148438,17.940000534057617
2026-04-16 15:30:00-04:00,701.1199951171875,17.90999984741211
2026-04-16 15:35:00-04:00,701.4000244140625,17.8799991607666
2026-04-16 15:40:00-04:00,701.3099975585938,17.809999465942383
2026-04-16 15:45:00-04:00,701.6400146484375,17.780000686645508
2026-04-16 15:50:00-04:00,701.6500244140625,17.790000915527344
2026-04-16 15:55:00-04:00,701.5499877929688,17.84000015258789
2026-04-17 09:30:00-04:00,706.9793090820312,17.559999465942383
2026-04-17 09:35:00-04:00,707.0900268554688,17.65999984741211
2026-04-17 09:40:00-04:00,707.1400146484375,17.739999771118164
2026-04-17 09:45:00-04:00,707.0653076171875,17.770000457763672
2026-04-17 09:50:00-04:00,707.719970703125,17.75
2026-04-17 09:55:00-04:00,708.330078125,17.639999389648438
2026-04-17 10:00:00-04:00,708.85498046875,17.600000381469727
2026-04-17 10:05:00-04:00,709.1400146484375,17.579999923706055
2026-04-17 10:10:00-04:00,709.1500244140625,17.59000015258789
2026-04-17 10:15:00-04:00,708.9600830078125,17.639999389648438
2026-04-17 10:20:00-04:00,709.260009765625,17.65999984741211
2026-04-17 10:25:00-04:00,709.2249755859375,17.700000762939453
2026-04-17 10:30:00-04:00,710.1400146484375,17.65999984741211
2026-04-17 10:35:00-04:00,710.3300170898438,17.739999771118164
2026-04-17 10:40:00-04:00,710.8599853515625,17.81999969482422
2026-04-17 10:45:00-04:00,711.239990234375,17.889999389648438
2026-04-17 10:50:00-04:00,710.8699951171875,17.889999389648438
2026-04-17 10:55:00-04:00,710.47998046875,17.5
2026-04-17 11:00:00-04:00,710.7100219726562,17.469999313354492
2026-04-17 11:05:00-04:00,710.8814086914062,17.469999313354492
2026-04-17 11:10:00-04:00,710.22998046875,17.229999542236328
2026-04-17 11:15:00-04:00,710.1500244140625,17.18000030517578
2026-04-17 11:20:00-04:00,710.47998046875,16.969999313354492
2026-04-17 11:25:00-04:00,710.6199951171875,16.889999389648438
2026-04-17 11:30:00-04:00,711.239990234375,17.1299991607666
2026-04-17 11:35:00-04:00,711.2301025390625,17.139999389648438
2026-04-17 11:40:00-04:00,710.4349975585938,17.239999771118164
2026-04-17 11:45:00-04:00,710.7999877929688,17.270000457763672
2026-04-17 11:50:00-04:00,711.0700073242188,17.360000610351562
2026-04-17 11:55:00-04:00,710.739990234375,17.479999542236328
2026-04-17 12:00:00-04:00,711.2100219726562,17.420000076293945
2026-04-17 12:05:00-04:00,711.1599731445312,17.43000030517578
2026-04-17 12:10:00-04:00,711.3699951171875,17.420000076293945
2026-04-17 12:15:00-04:00,711.260009765625,17.459999084472656
2026-04-17 12:20:00-04:00,711.489990234375,17.440000534057617
2026-04-17 12:25:00-04:00,711.510009765625,17.43000030517578
2026-04-17 12:30:00-04:00,711.9000244140625,17.440000534057617
2026-04-17 12:35:00-04:00,712.0599975585938,17.489999771118164
2026-04-17 12:40:00-04:00,712.1799926757812,17.469999313354492
2026-04-17 12:45:00-04:00,712.1900024414062,17.459999084472656
2026-04-17 12:50:00-04:00,712.10498046875,17.479999542236328
2026-04-17 12:55:00-04:00,711.9099731445312,17.399999618530273
2026-04-17 13:00:00-04:00,712.0700073242188,17.399999618530273
2026-04-17 13:05:00-04:00,711.4249877929688,17.399999618530273
2026-04-17 13:10:00-04:00,711.25,17.40999984741211
2026-04-17 13:15:00-04:00,710.8900146484375,17.389999389648438
2026-04-17 13:20:00-04:00,709.5499877929688,17.65999984741211
2026-04-17 13:25:00-04:00,709.8800048828125,17.530000686645508
2026-04-17 13:30:00-04:00,709.8400268554688,17.549999237060547
2026-04-17 13:35:00-04:00,710.0399780273438,17.450000762939453
2026-04-17 13:40:00-04:00,709.8900146484375,17.459999084472656
2026-04-17 13:45:00-04:00,710.4450073242188,17.43000030517578
2026-04-17 13:50:00-04:00,710.5499877929688,17.459999084472656
2026-04-17 13:55:00-04:00,710.2949829101562,17.5
2026-04-17 14:00:00-04:00,710.030029296875,17.540000915527344
2026-04-17 14:05:00-04:00,709.5800170898438,17.6200008392334
2026-04-17 14:10:00-04:00,709.4500122070312,17.610000610351562
2026-04-17 14:15:00-04:00,709.6500244140625,17.579999923706055
2026-04-17 14:20:00-04:00,709.7899169921875,17.579999923706055
2026-04-17 14:25:00-04:00,709.8099975585938,17.59000015258789
2026-04-17 14:30:00-04:00,710.2999877929688,17.520000457763672
2026-04-17 14:35:00-04:00,710.1500244140625,17.549999237060547
2026-04-17 14:40:00-04:00,710.1099853515625,17.559999465942383
2026-04-17 14:45:00-04:00,709.9249877929688,17.579999923706055
2026-04-17 14:50:00-04:00,709.5399780273438,17.6200008392334
2026-04-17 14:55:00-04:00,709.6400146484375,17.530000686645508
2026-04-17 15:00:00-04:00,709.6599731445312,17.649999618530273
2026-04-17 15:05:00-04:00,709.4199829101562,17.799999237060547
2026-04-17 15:10:00-04:00,709.1300048828125,17.790000915527344
2026-04-17 15:15:00-04:00,709.4400024414062,17.739999771118164
2026-04-17 15:20:00-04:00,709.3400268554688,17.760000228881836
2026-04-17 15:25:00-04:00,709.260009765625,17.75
2026-04-17 15:30:00-04:00,709.780029296875,17.65999984741211
2026-04-17 15:35:00-04:00,710.030029296875,17.540000915527344
2026-04-17 15:40:00-04:00,710.2999877929688,17.450000762939453
2026-04-17 15:45:00-04:00,709.8699951171875,17.479999542236328
2026-04-17 15:50:00-04:00,710.1799926757812,17.389999389648438
2026-04-17 15:55:00-04:00,710.0499877929688,17.510000228881836
2026-04-20 09:30:00-04:00,709.1300048828125,18.920000076293945
2026-04-20 09:35:00-04:00,708.6400146484375,19.100000381469727
2026-04-20 09:40:00-04:00,708.8250122070312,18.920000076293945
2026-04-20 09:45:00-04:00,708.6300048828125,18.979999542236328
2026-04-20 09:50:00-04:00,709.3450927734375,18.8799991607666
2026-04-20 09:55:00-04:00,709.6699829101562,18.829999923706055
2026-04-20 10:00:00-04:00,709.260009765625,18.979999542236328
2026-04-20 10:05:00-04:00,709.3900146484375,19.030000686645508
2026-04-20 10:10:00-04:00,709.2550048828125,19.110000610351562
2026-04-20 10:15:00-04:00,709.0599975585938,19.200000762939453
2026-04-20 10:20:00-04:00,709.489990234375,19.149999618530273
2026-04-20 10:25:00-04:00,708.9500122070312,19.229999542236328
2026-04-20 10:30:00-04:00,708.6199951171875,19.309999465942383
2026-04-20 10:35:00-04:00,708.4949951171875,19.309999465942383
2026-04-20 10:40:00-04:00,708.1099853515625,19.3700008392334
2026-04-20 10:45:00-04:00,708.6699829101562,19.219999313354492
2026-04-20 10:50:00-04:00,707.77001953125,19.459999084472656
2026-04-20 10:55:00-04:00,707.1400146484375,19.530000686645508
2026-04-20 11:00:00-04:00,706.6998901367188,19.68000030517578
2026-04-20 11:05:00-04:00,706.5399780273438,19.719999313354492
2026-04-20 11:10:00-04:00,706.739990234375,19.68000030517578
2026-04-20 11:15:00-04:00,706.9349975585938,19.610000610351562
2026-04-20 11:20:00-04:00,707.6400146484375,19.389999389648438
2026-04-20 11:25:00-04:00,708.3300170898438,19.360000610351562
2026-04-20 11:30:00-04:00,707.5700073242188,19.43000030517578
2026-04-20 11:35:00-04:00,707.6199951171875,19.459999084472656
2026-04-20 11:40:00-04:00,707.52001953125,19.440000534057617
2026-04-20 11:45:00-04:00,707.4801025390625,19.43000030517578
2026-04-20 11:50:00-04:00,707.4849853515625,19.43000030517578
2026-04-20 11:55:00-04:00,707.5991821289062,19.3700008392334
2026-04-20 12:00:00-04:00,707.1400146484375,19.40999984741211
2026-04-20 12:05:00-04:00,707.4600219726562,19.290000915527344
2026-04-20 12:10:00-04:00,707.5900268554688,19.229999542236328
2026-04-20 12:15:00-04:00,707.52001953125,19.219999313354492
2026-04-20 12:20:00-04:00,707.6099853515625,19.149999618530273
2026-04-20 12:25:00-04:00,707.6500244140625,19.139999389648438
2026-04-20 12:30:00-04:00,707.9400024414062,19.100000381469727
2026-04-20 12:35:00-04:00,707.5399780273438,19.170000076293945
2026-04-20 12:40:00-04:00,707.6900024414062,19.149999618530273
2026-04-20 12:45:00-04:00,707.7100219726562,19.139999389648438
2026-04-20 12:50:00-04:00,707.7449951171875,19.1200008392334
2026-04-20 12:55:00-04:00,707.639892578125,19.149999618530273
2026-04-20 13:00:00-04:00,707.4299926757812,19.139999389648438
2026-04-20 13:05:00-04:00,707.7899780273438,19.110000610351562
2026-04-20 13:10:00-04:00,708.0599975585938,19.040000915527344
2026-04-20 13:15:00-04:00,708.27001953125,18.989999771118164
2026-04-20 13:20:00-04:00,708.2301025390625,18.989999771118164
2026-04-20 13:25:00-04:00,707.97998046875,19.030000686645508
2026-04-20 13:30:00-04:00,707.6599731445312,19.06999969482422
2026-04-20 13:35:00-04:00,707.885009765625,19.049999237060547
2026-04-20 13:40:00-04:00,707.9417724609375,19.110000610351562
2026-04-20 13:45:00-04:00,707.9749755859375,19.079999923706055
2026-04-20 13:50:00-04:00,708.0200805664062,19.049999237060547
2026-04-20 13:55:00-04:00,707.739990234375,19.079999923706055
2026-04-20 14:00:00-04:00,707.7000122070312,19.110000610351562
2026-04-20 14:05:00-04:00,708.1649780273438,19.040000915527344
2026-04-20 14:10:00-04:00,708.2000122070312,19.010000228881836
2026-04-20 14:15:00-04:00,708.4099731445312,18.969999313354492
2026-04-20 14:20:00-04:00,708.5900268554688,18.969999313354492
2026-04-20 14:25:00-04:00,708.3200073242188,18.989999771118164
2026-04-20 14:30:00-04:00,708.2999877929688,19.010000228881836
2026-04-20 14:35:00-04:00,707.9299926757812,19.059999465942383
2026-04-20 14:40:00-04:00,708.1199951171875,19.030000686645508
2026-04-20 14:45:00-04:00,708.332275390625,19.0
2026-04-20 14:50:00-04:00,708.5700073242188,18.969999313354492
2026-04-20 14:55:00-04:00,708.2650146484375,19.020000457763672
2026-04-20 15:00:00-04:00,708.260009765625,19.049999237060547
2026-04-20 15:05:00-04:00,708.4199829101562,19.030000686645508
2026-04-20 15:10:00-04:00,708.4500122070312,19.059999465942383
2026-04-20 15:15:00-04:00,708.3200073242188,19.059999465942383
2026-04-20 15:20:00-04:00,708.1500244140625,19.059999465942383
2026-04-20 15:25:00-04:00,708.02001953125,19.06999969482422
2026-04-20 15:30:00-04:00,707.7999877929688,19.1299991607666
2026-04-20 15:35:00-04:00,707.9290161132812,19.1299991607666
2026-04-20 15:40:00-04:00,707.7098999023438,19.1299991607666
2026-04-20 15:45:00-04:00,707.9199829101562,19.110000610351562
2026-04-20 15:50:00-04:00,708.030029296875,19.049999237060547
2026-04-20 15:55:00-04:00,708.6900024414062,18.899999618530273
2026-04-21 09:30:00-04:00,709.4000244140625,19.219999313354492
2026-04-21 09:35:00-04:00,709.0399169921875,19.3700008392334
2026-04-21 09:40:00-04:00,709.6900024414062,19.25
2026-04-21 09:45:00-04:00,710.22998046875,19.110000610351562
2026-04-21 09:50:00-04:00,710.6400756835938,19.049999237060547
2026-04-21 09:55:00-04:00,710.75,19.1299991607666
2026-04-21 10:00:00-04:00,710.5999755859375,19.1200008392334
2026-04-21 10:05:00-04:00,711.030029296875,18.969999313354492
2026-04-21 10:10:00-04:00,711.0200805664062,18.959999084472656
2026-04-21 10:15:00-04:00,710.8200073242188,19.010000228881836
2026-04-21 10:20:00-04:00,710.3200073242188,19.1299991607666
2026-04-21 10:25:00-04:00,710.5700073242188,19.079999923706055
2026-04-21 10:30:00-04:00,710.1900024414062,19.09000015258789
2026-04-21 10:35:00-04:00,709.9450073242188,19.1299991607666
2026-04-21 10:40:00-04:00,709.885009765625,19.030000686645508
2026-04-21 10:45:00-04:00,709.1599731445312,19.170000076293945
2026-04-21 10:50:00-04:00,709.0349731445312,19.229999542236328
2026-04-21 10:55:00-04:00,707.5900268554688,19.510000228881836
2026-04-21 11:00:00-04:00,706.7349853515625,19.6200008392334
2026-04-21 11:05:00-04:00,707.760009765625,19.399999618530273
2026-04-21 11:10:00-04:00,707.9099731445312,19.389999389648438
2026-04-21 11:15:00-04:00,707.8300170898438,19.469999313354492
2026-04-21 11:20:00-04:00,707.2308959960938,19.600000381469727
2026-04-21 11:25:00-04:00,706.6900024414062,19.770000457763672
2026-04-21 11:30:00-04:00,706.8900146484375,19.770000457763672
2026-04-21 11:35:00-04:00,706.72998046875,19.8700008392334
2026-04-21 11:40:00-04:00,706.9400024414062,19.75
2026-04-21 11:45:00-04:00,707.0599975585938,19.65999984741211
2026-04-21 11:50:00-04:00,706.52001953125,19.850000381469727
2026-04-21 11:55:00-04:00,706.719970703125,19.860000610351562
2026-04-21 12:00:00-04:00,707.219970703125,19.799999237060547
2026-04-21 12:05:00-04:00,707.340087890625,19.75
2026-04-21 12:10:00-04:00,706.9000244140625,19.8799991607666
2026-04-21 12:15:00-04:00,707.0,19.8799991607666
2026-04-21 12:20:00-04:00,706.5399780273438,19.959999084472656
2026-04-21 12:25:00-04:00,706.3599853515625,19.950000762939453
2026-04-21 12:30:00-04:00,706.9199829101562,19.860000610351562
2026-04-21 12:35:00-04:00,706.5250244140625,19.920000076293945
2026-04-21 12:40:00-04:00,705.8499755859375,20.09000015258789
2026-04-21 12:45:00-04:00,706.5599975585938,19.950000762939453
2026-04-21 12:50:00-04:00,706.1099853515625,20.040000915527344
2026-04-21 12:55:00-04:00,705.5800170898438,20.149999618530273
2026-04-21 13:00:00-04:00,705.96728515625,20.059999465942383
2026-04-21 13:05:00-04:00,705.4600219726562,20.270000457763672
2026-04-21 13:10:00-04:00,704.7100219726562,20.479999542236328
2026-04-21 13:15:00-04:00,704.0399780273438,20.559999465942383
2026-04-21 13:20:00-04:00,704.4500122070312,20.540000915527344
2026-04-21 13:25:00-04:00,704.6900024414062,20.479999542236328
2026-04-21 13:30:00-04:00,705.25,20.3700008392334
2026-04-21 13:35:00-04:00,706.3250122070312,20.079999923706055
2026-04-21 13:40:00-04:00,706.5,19.84000015258789
2026-04-21 13:45:00-04:00,706.1799926757812,19.889999389648438
2026-04-21 13:50:00-04:00,705.8099975585938,19.979999542236328
2026-04-21 13:55:00-04:00,705.7949829101562,19.920000076293945
2026-04-21 14:00:00-04:00,705.969970703125,19.809999465942383
2026-04-21 14:05:00-04:00,705.8400268554688,19.809999465942383
2026-04-21 14:10:00-04:00,705.9199829101562,19.889999389648438
2026-04-21 14:15:00-04:00,705.1193237304688,20.010000228881836
2026-04-21 14:20:00-04:00,705.0399780273438,20.030000686645508
2026-04-21 14:25:00-04:00,705.0989990234375,20.149999618530273
2026-04-21 14:30:00-04:00,705.7100219726562,20.010000228881836
2026-04-21 14:35:00-04:00,705.4199829101562,20.059999465942383
2026-04-21 14:40:00-04:00,705.4400024414062,19.959999084472656
2026-04-21 14:45:00-04:00,705.1699829101562,20.0
2026-04-21 14:50:00-04:00,706.3699951171875,19.860000610351562
2026-04-21 14:55:00-04:00,706.3200073242188,19.700000762939453
2026-04-21 15:00:00-04:00,706.6599731445312,19.65999984741211
2026-04-21 15:05:00-04:00,706.6900024414062,19.579999923706055
2026-04-21 15:10:00-04:00,706.614990234375,19.649999618530273
2026-04-21 15:15:00-04:00,706.6400146484375,19.649999618530273
2026-04-21 15:20:00-04:00,707.52001953125,19.510000228881836
2026-04-21 15:25:00-04:00,707.7249755859375,19.489999771118164
2026-04-21 15:30:00-04:00,707.3298950195312,19.530000686645508
2026-04-21 15:35:00-04:00,706.27001953125,20.020000457763672
2026-04-21 15:40:00-04:00,703.1799926757812,20.81999969482422
2026-04-21 15:45:00-04:00,703.9998779296875,20.469999313354492
2026-04-21 15:50:00-04:00,703.7011108398438,20.40999984741211
2026-04-21 15:55:00-04:00,704.1400146484375,20.290000915527344
2026-04-22 09:30:00-04:00,708.5599975585938,19.0
2026-04-22 09:35:00-04:00,708.9000244140625,19.059999465942383
2026-04-22 09:40:00-04:00,708.7000122070312,19.110000610351562
2026-04-22 09:45:00-04:00,708.6500244140625,19.149999618530273
2026-04-22 09:50:00-04:00,709.1900024414062,19.100000381469727
2026-04-22 09:55:00-04:00,709.3900146484375,19.110000610351562
2026-04-22 10:00:00-04:00,709.389892578125,19.110000610351562
2026-04-22 10:05:00-04:00,709.530029296875,19.100000381469727
2026-04-22 10:10:00-04:00,710.0999755859375,19.040000915527344
2026-04-22 10:15:00-04:00,710.3150024414062,18.989999771118164
2026-04-22 10:20:00-04:00,710.3200073242188,19.010000228881836
2026-04-22 10:25:00-04:00,710.52001953125,18.979999542236328
2026-04-22 10:30:00-04:00,709.9598999023438,19.139999389648438
2026-04-22 10:35:00-04:00,710.47998046875,19.06999969482422
2026-04-22 10:40:00-04:00,709.719970703125,19.1299991607666
2026-04-22 10:45:00-04:00,710.1749877929688,19.09000015258789
2026-04-22 10:50:00-04:00,709.9000244140625,19.15999984741211
2026-04-22 10:55:00-04:00,710.0399780273438,19.1299991607666
2026-04-22 11:00:00-04:00,709.4199829101562,19.280000686645508
2026-04-22 11:05:00-04:00,709.864990234375,19.209999084472656
2026-04-22 11:10:00-04:00,709.8400268554688,19.25
2026-04-22 11:15:00-04:00,709.9099731445312,19.280000686645508
2026-04-22 11:20:00-04:00,710.1900024414062,19.270000457763672
2026-04-22 11:25:00-04:00,710.2000122070312,19.280000686645508
2026-04-22 11:30:00-04:00,710.0800170898438,19.299999237060547
2026-04-22 11:35:00-04:00,709.780029296875,19.3799991607666
2026-04-22 11:40:00-04:00,709.280029296875,19.510000228881836
2026-04-22 11:45:00-04:00,709.760009765625,19.420000076293945
2026-04-22 11:50:00-04:00,709.6799926757812,19.450000762939453
2026-04-22 11:55:00-04:00,709.6400146484375,19.43000030517578
2026-04-22 12:00:00-04:00,709.8900146484375,19.3700008392334
2026-04-22 12:05:00-04:00,709.969970703125,19.329999923706055
2026-04-22 12:10:00-04:00,709.9199829101562,19.31999969482422
2026-04-22 12:15:00-04:00,709.431884765625,19.350000381469727
2026-04-22 12:20:00-04:00,709.5800170898438,19.329999923706055
2026-04-22 12:25:00-04:00,709.155029296875,19.3799991607666
2026-04-22 12:30:00-04:00,709.2100219726562,19.40999984741211
2026-04-22 12:35:00-04:00,709.5499877929688,19.420000076293945
2026-04-22 12:40:00-04:00,709.0900268554688,19.450000762939453
2026-04-22 12:45:00-04:00,709.375,19.399999618530273
2026-04-22 12:50:00-04:00,709.27001953125,19.399999618530273
2026-04-22 12:55:00-04:00,708.8900146484375,19.5
2026-04-22 13:00:00-04:00,709.6099853515625,19.360000610351562
2026-04-22 13:05:00-04:00,709.7700805664062,19.3799991607666
2026-04-22 13:10:00-04:00,709.9277954101562,19.329999923706055
2026-04-22 13:15:00-04:00,709.719970703125,19.389999389648438
2026-04-22 13:20:00-04:00,710.1356811523438,19.290000915527344
2026-04-22 13:25:00-04:00,710.0399780273438,19.299999237060547
2026-04-22 13:30:00-04:00,710.0900268554688,19.25
2026-04-22 13:35:00-04:00,710.0399780273438,19.280000686645508
2026-04-22 13:40:00-04:00,710.22998046875,19.239999771118164
2026-04-22 13:45:00-04:00,710.1900024414062,19.260000228881836
2026-04-22 13:50:00-04:00,710.1099853515625,19.280000686645508
2026-04-22 13:55:00-04:00,709.989990234375,19.280000686645508
2026-04-22 14:00:00-04:00,710.0800170898438,19.239999771118164
2026-04-22 14:05:00-04:00,709.9349975585938,19.219999313354492
2026-04-22 14:10:00-04:00,709.9500122070312,19.219999313354492
2026-04-22 14:15:00-04:00,709.6500244140625,19.200000762939453
2026-04-22 14:20:00-04:00,709.510009765625,19.219999313354492
2026-04-22 14:25:00-04:00,709.4500122070312,19.209999084472656
2026-04-22 14:30:00-04:00,709.64501953125,19.149999618530273
2026-04-22 14:35:00-04:00,709.8800048828125,19.1299991607666
2026-04-22 14:40:00-04:00,709.885009765625,19.110000610351562
2026-04-22 14:45:00-04:00,709.9550170898438,19.049999237060547
2026-04-22 14:50:00-04:00,709.830078125,19.059999465942383
2026-04-22 14:55:00-04:00,709.6500244140625,19.06999969482422
2026-04-22 15:00:00-04:00,709.5449829101562,19.149999618530273
2026-04-22 15:05:00-04:00,709.9099731445312,19.059999465942383
2026-04-22 15:10:00-04:00,709.9600219726562,19.020000457763672
2026-04-22 15:15:00-04:00,710.3599853515625,18.950000762939453
2026-04-22 15:20:00-04:00,710.3200073242188,18.959999084472656
2026-04-22 15:25:00-04:00,710.4500122070312,18.899999618530273
2026-04-22 15:30:00-04:00,710.2650146484375,18.920000076293945
2026-04-22 15:35:00-04:00,710.4349975585938,18.889999389648438
2026-04-22 15:40:00-04:00,710.4500122070312,18.799999237060547
2026-04-22 15:45:00-04:00,710.7100219726562,18.770000457763672
2026-04-22 15:50:00-04:00,711.0499877929688,18.690000534057617
2026-04-22 15:55:00-04:00,711.2100219726562,18.739999771118164
2026-04-23 09:30:00-04:00,709.47998046875,19.299999237060547
2026-04-23 09:35:00-04:00,710.27001953125,19.209999084472656
2026-04-23 09:40:00-04:00,710.5700073242188,19.170000076293945
2026-04-23 09:45:00-04:00,710.9600219726562,19.329999923706055
2026-04-23 09:50:00-04:00,710.6099853515625,19.309999465942383
2026-04-23 09:55:00-04:00,710.2100219726562,19.31999969482422
2026-04-23 10:00:00-04:00,709.9600219726562,19.290000915527344
2026-04-23 10:05:00-04:00,710.2750244140625,19.280000686645508
2026-04-23 10:10:00-04:00,710.0905151367188,19.34000015258789
2026-04-23 10:15:00-04:00,710.1900024414062,19.25
2026-04-23 10:20:00-04:00,710.8250122070312,19.110000610351562
2026-04-23 10:25:00-04:00,710.530029296875,19.170000076293945
2026-04-23 10:30:00-04:00,710.739990234375,19.06999969482422
2026-04-23 10:35:00-04:00,710.7000122070312,19.020000457763672
2026-04-23 10:40:00-04:00,710.9400024414062,18.959999084472656
2026-04-23 10:45:00-04:00,711.0999755859375,18.860000610351562
2026-04-23 10:50:00-04:00,711.4799194335938,18.790000915527344
2026-04-23 10:55:00-04:00,711.7100219726562,18.790000915527344
2026-04-23 11:00:00-04:00,711.7050170898438,18.829999923706055
2026-04-23 11:05:00-04:00,711.72998046875,18.829999923706055
2026-04-23 11:10:00-04:00,711.635009765625,18.899999618530273
2026-04-23 11:15:00-04:00,712.0549926757812,18.860000610351562
2026-04-23 11:20:00-04:00,712.1400146484375,18.829999923706055
2026-04-23 11:25:00-04:00,711.989990234375,18.8700008392334
2026-04-23 11:30:00-04:00,712.1699829101562,18.899999618530273
2026-04-23 11:35:00-04:00,711.8049926757812,19.010000228881836
2026-04-23 11:40:00-04:00,711.5750122070312,19.09000015258789
2026-04-23 11:45:00-04:00,711.239990234375,19.139999389648438
2026-04-23 11:50:00-04:00,710.780029296875,19.25
2026-04-23 11:55:00-04:00,711.10498046875,19.200000762939453
2026-04-23 12:00:00-04:00,710.4199829101562,19.280000686645508
2026-04-23 12:05:00-04:00,710.5198974609375,19.329999923706055
2026-04-23 12:10:00-04:00,710.9000244140625,19.149999618530273
2026-04-23 12:15:00-04:00,710.9400024414062,19.110000610351562
2026-04-23 12:20:00-04:00,710.8300170898438,19.079999923706055
2026-04-23 12:25:00-04:00,710.72998046875,19.110000610351562
2026-04-23 12:30:00-04:00,711.030029296875,19.040000915527344
2026-04-23 12:35:00-04:00,710.8300170898438,19.049999237060547
2026-04-23 12:40:00-04:00,710.9500122070312,19.0
2026-04-23 12:45:00-04:00,710.8699951171875,18.959999084472656
2026-04-23 12:50:00-04:00,710.9299926757812,18.93000030517578
2026-04-23 12:55:00-04:00,710.8699951171875,18.920000076293945
2026-04-23 13:00:00-04:00,709.2999877929688,19.290000915527344
2026-04-23 13:05:00-04:00,707.9299926757812,19.729999542236328
2026-04-23 13:10:00-04:00,707.739990234375,19.8700008392334
2026-04-23 13:15:00-04:00,706.5499877929688,20.280000686645508
2026-04-23 13:20:00-04:00,706.280029296875,20.420000076293945
2026-04-23 13:25:00-04:00,706.0499877929688,20.31999969482422
2026-04-23 13:30:00-04:00,707.3300170898438,20.1200008392334
2026-04-23 13:35:00-04:00,705.7899780273438,20.5
2026-04-23 13:40:00-04:00,703.760009765625,21.309999465942383
2026-04-23 13:45:00-04:00,703.5396118164062,21.200000762939453
2026-04-23 13:50:00-04:00,705.6099853515625,20.540000915527344
2026-04-23 13:55:00-04:00,706.635009765625,19.84000015258789
2026-04-23 14:00:00-04:00,707.260009765625,19.68000030517578
2026-04-23 14:05:00-04:00,707.3699951171875,19.56999969482422
2026-04-23 14:10:00-04:00,707.7999877929688,19.440000534057617
2026-04-23 14:15:00-04:00,708.1699829101562,19.239999771118164
2026-04-23 14:20:00-04:00,708.26171875,19.290000915527344
2026-04-23 14:25:00-04:00,708.5100708007812,19.329999923706055
2026-04-23 14:30:00-04:00,709.0800170898438,19.260000228881836
2026-04-23 14:35:00-04:00,708.9199829101562,19.239999771118164
2026-04-23 14:40:00-04:00,708.6699829101562,19.360000610351562
2026-04-23 14:45:00-04:00,708.0317993164062,19.559999465942383
2026-04-23 14:50:00-04:00,708.1199951171875,19.6200008392334
2026-04-23 14:55:00-04:00,707.126220703125,19.75
2026-04-23 15:00:00-04:00,707.2100219726562,19.889999389648438
2026-04-23 15:05:00-04:00,707.9000244140625,19.6299991607666
2026-04-23 15:10:00-04:00,708.2100219726562,19.56999969482422
2026-04-23 15:15:00-04:00,708.47998046875,19.450000762939453
2026-04-23 15:20:00-04:00,708.385009765625,19.40999984741211
2026-04-23 15:25:00-04:00,708.405029296875,19.350000381469727
2026-04-23 15:30:00-04:00,707.9600219726562,19.34000015258789
2026-04-23 15:35:00-04:00,707.5750122070312,19.489999771118164
2026-04-23 15:40:00-04:00,707.3400268554688,19.489999771118164
2026-04-23 15:45:00-04:00,707.9500122070312,19.360000610351562
2026-04-23 15:50:00-04:00,708.030029296875,19.280000686645508
2026-04-23 15:55:00-04:00,708.4400024414062,18.979999542236328
2026-04-24 09:30:00-04:00,709.8350219726562,19.06999969482422
2026-04-24 09:35:00-04:00,710.3099975585938,19.010000228881836
2026-04-24 09:40:00-04:00,709.969970703125,19.139999389648438
2026-04-24 09:45:00-04:00,710.3200073242188,19.149999618530273
2026-04-24 09:50:00-04:00,709.4849853515625,19.229999542236328
2026-04-24 09:55:00-04:00,709.9400024414062,19.15999984741211
2026-04-24 10:00:00-04:00,709.6699829101562,19.200000762939453
2026-04-24 10:05:00-04:00,709.9873046875,19.030000686645508
2026-04-24 10:10:00-04:00,710.0499877929688,19.020000457763672
2026-04-24 10:15:00-04:00,710.4099731445312,18.90999984741211
2026-04-24 10:20:00-04:00,710.3699951171875,18.829999923706055
2026-04-24 10:25:00-04:00,709.8599853515625,18.940000534057617
2026-04-24 10:30:00-04:00,710.1199951171875,18.84000015258789
2026-04-24 10:35:00-04:00,710.5800170898438,18.81999969482422
2026-04-24 10:40:00-04:00,710.989990234375,18.770000457763672
2026-04-24 10:45:00-04:00,711.1649780273438,18.690000534057617
2026-04-24 10:50:00-04:00,711.125,18.690000534057617
2026-04-24 10:55:00-04:00,711.4400024414062,18.690000534057617
2026-04-24 11:00:00-04:00,711.4500122070312,18.68000030517578
2026-04-24 11:05:00-04:00,711.5800170898438,18.649999618530273
2026-04-24 11:10:00-04:00,711.77001953125,18.670000076293945
2026-04-24 11:15:00-04:00,711.6500244140625,18.639999389648438
2026-04-24 11:20:00-04:00,712.030029296875,18.6299991607666
2026-04-24 11:25:00-04:00,711.8499755859375,18.68000030517578
2026-04-24 11:30:00-04:00,711.9000244140625,18.68000030517578
2026-04-24 11:35:00-04:00,711.7000122070312,18.75
2026-04-24 11:40:00-04:00,713.3099975585938,18.489999771118164
2026-04-24 11:45:00-04:00,713.280029296875,18.59000015258789
2026-04-24 11:50:00-04:00,713.9349975585938,18.600000381469727
2026-04-24 11:55:00-04:00,713.77001953125,18.600000381469727
2026-04-24 12:00:00-04:00,713.8300170898438,18.639999389648438
2026-04-24 12:05:00-04:00,713.2515258789062,18.709999084472656
2026-04-24 12:10:00-04:00,713.3598022460938,18.690000534057617
2026-04-24 12:15:00-04:00,713.2700805664062,18.760000228881836
2026-04-24 12:20:00-04:00,713.4000244140625,18.75
2026-04-24 12:25:00-04:00,713.3012084960938,18.770000457763672
2026-04-24 12:30:00-04:00,713.7050170898438,18.770000457763672
2026-04-24 12:35:00-04:00,713.469970703125,18.770000457763672
2026-04-24 12:40:00-04:00,713.1099853515625,18.790000915527344
2026-04-24 12:45:00-04:00,713.2100219726562,18.84000015258789
2026-04-24 12:50:00-04:00,713.4600219726562,18.739999771118164
2026-04-24 12:55:00-04:00,713.6099853515625,18.65999984741211
2026-04-24 13:00:00-04:00,713.5800170898438,18.639999389648438
2026-04-24 13:05:00-04:00,713.3499755859375,18.65999984741211
2026-04-24 13:10:00-04:00,713.3300170898438,18.68000030517578
2026-04-24 13:15:00-04:00,713.0750122070312,18.719999313354492
2026-04-24 13:20:00-04:00,713.139892578125,18.770000457763672
2026-04-24 13:25:00-04:00,713.02001953125,18.739999771118164
2026-04-24 13:30:00-04:00,713.0599975585938,18.75
2026-04-24 13:35:00-04:00,713.2000122070312,18.719999313354492
2026-04-24 13:40:00-04:00,713.5299072265625,18.68000030517578
2026-04-24 13:45:00-04:00,713.4099731445312,18.690000534057617
2026-04-24 13:50:00-04:00,713.8800048828125,18.610000610351562
2026-04-24 13:55:00-04:00,713.6500244140625,18.579999923706055
2026-04-24 14:00:00-04:00,713.594970703125,18.559999465942383
2026-04-24 14:05:00-04:00,713.6400146484375,18.540000915527344
2026-04-24 14:10:00-04:00,713.5050048828125,18.579999923706055
2026-04-24 14:15:00-04:00,713.22998046875,18.610000610351562
2026-04-24 14:20:00-04:00,713.219970703125,18.600000381469727
2026-04-24 14:25:00-04:00,713.02001953125,18.610000610351562
2026-04-24 14:30:00-04:00,713.4199829101562,18.530000686645508
2026-04-24 14:35:00-04:00,713.489990234375,18.549999237060547
2026-04-24 14:40:00-04:00,713.3400268554688,18.610000610351562
2026-04-24 14:45:00-04:00,713.2899780273438,18.59000015258789
2026-04-24 14:50:00-04:00,713.3699951171875,18.59000015258789
2026-04-24 14:55:00-04:00,713.530029296875,18.530000686645508
2026-04-24 15:00:00-04:00,713.739990234375,18.530000686645508
2026-04-24 15:05:00-04:00,714.1199951171875,18.510000228881836
2026-04-24 15:10:00-04:00,714.2050170898438,18.520000457763672
2026-04-24 15:15:00-04:00,714.2249755859375,18.520000457763672
2026-04-24 15:20:00-04:00,713.8099975585938,18.540000915527344
2026-04-24 15:25:00-04:00,713.739990234375,18.649999618530273
2026-04-24 15:30:00-04:00,713.6599731445312,18.65999984741211
2026-04-24 15:35:00-04:00,713.6599731445312,18.690000534057617
2026-04-24 15:40:00-04:00,713.7901000976562,18.649999618530273
2026-04-24 15:45:00-04:00,713.8499755859375,18.59000015258789
2026-04-24 15:50:00-04:00,714.0999755859375,18.559999465942383
2026-04-24 15:55:00-04:00,713.97998046875,18.639999389648438
2026-04-27 09:30:00-04:00,713.7000122070312,19.059999465942383
2026-04-27 09:35:00-04:00,714.3499755859375,19.020000457763672
2026-04-27 09:40:00-04:00,713.7100219726562,19.100000381469727
2026-04-27 09:45:00-04:00,712.89501953125,19.15999984741211
2026-04-27 09:50:00-04:00,713.9500122070312,18.979999542236328
2026-04-27 09:55:00-04:00,714.0850219726562,18.889999389648438
2026-04-27 10:00:00-04:00,713.9299926757812,18.899999618530273
2026-04-27 10:05:00-04:00,713.780029296875,18.8700008392334
2026-04-27 10:10:00-04:00,713.864990234375,18.81999969482422
2026-04-27 10:15:00-04:00,713.469970703125,18.860000610351562
2026-04-27 10:20:00-04:00,713.6749877929688,18.829999923706055
2026-04-27 10:25:00-04:00,713.4450073242188,18.780000686645508
2026-04-27 10:30:00-04:00,713.3800048828125,18.809999465942383
2026-04-27 10:35:00-04:00,713.9600219726562,18.68000030517578
2026-04-27 10:40:00-04:00,713.97998046875,18.649999618530273
2026-04-27 10:45:00-04:00,713.7100219726562,18.639999389648438
2026-04-27 10:50:00-04:00,713.5499877929688,18.639999389648438
2026-04-27 10:55:00-04:00,713.6199951171875,18.600000381469727
2026-04-27 11:00:00-04:00,712.9000244140625,18.75
2026-04-27 11:05:00-04:00,713.0549926757812,18.719999313354492
2026-04-27 11:10:00-04:00,712.8800048828125,18.75
2026-04-27 11:15:00-04:00,712.8400268554688,18.770000457763672
2026-04-27 11:20:00-04:00,712.5549926757812,18.829999923706055
2026-04-27 11:25:00-04:00,713.0,18.729999542236328
2026-04-27 11:30:00-04:00,712.97998046875,18.739999771118164
2026-04-27 11:35:00-04:00,713.0449829101562,18.719999313354492
2026-04-27 11:40:00-04:00,713.2899780273438,18.690000534057617
2026-04-27 11:45:00-04:00,713.1300048828125,18.690000534057617
2026-04-27 11:50:00-04:00,713.2091064453125,18.690000534057617
2026-04-27 11:55:00-04:00,713.4000244140625,18.6200008392334
2026-04-27 12:00:00-04:00,713.469970703125,18.610000610351562
2026-04-27 12:05:00-04:00,713.7514038085938,18.56999969482422
2026-04-27 12:10:00-04:00,713.9400024414062,18.530000686645508
2026-04-27 12:15:00-04:00,714.02001953125,18.530000686645508
2026-04-27 12:20:00-04:00,713.7899780273438,18.559999465942383
2026-04-27 12:25:00-04:00,713.8599853515625,18.559999465942383
2026-04-27 12:30:00-04:00,714.1500244140625,18.5
2026-04-27 12:35:00-04:00,714.280029296875,18.489999771118164
2026-04-27 12:40:00-04:00,714.1199951171875,18.510000228881836
2026-04-27 12:45:00-04:00,714.219970703125,18.510000228881836
2026-04-27 12:50:00-04:00,714.02001953125,18.520000457763672
2026-04-27 12:55:00-04:00,714.1300048828125,18.540000915527344
2026-04-27 13:00:00-04:00,714.22998046875,18.5
2026-04-27 13:05:00-04:00,714.2150268554688,18.5
2026-04-27 13:10:00-04:00,714.3400268554688,18.5
2026-04-27 13:15:00-04:00,714.135009765625,18.520000457763672
2026-04-27 13:20:00-04:00,714.3699951171875,18.479999542236328
2026-04-27 13:25:00-04:00,714.5999755859375,18.469999313354492
2026-04-27 13:30:00-04:00,715.1950073242188,18.440000534057617
2026-04-27 13:35:00-04:00,714.75,18.510000228881836
2026-04-27 13:40:00-04:00,714.8400268554688,18.530000686645508
2026-04-27 13:45:00-04:00,714.8900146484375,18.510000228881836
2026-04-27 13:50:00-04:00,714.739990234375,18.520000457763672
2026-04-27 13:55:00-04:00,714.8798828125,18.520000457763672
2026-04-27 14:00:00-04:00,714.8800048828125,18.510000228881836
2026-04-27 14:05:00-04:00,714.9550170898438,18.530000686645508
2026-04-27 14:10:00-04:00,715.0549926757812,18.510000228881836
2026-04-27 14:15:00-04:00,715.1900024414062,18.520000457763672
2026-04-27 14:20:00-04:00,715.1500244140625,18.530000686645508
2026-04-27 14:25:00-04:00,715.0999755859375,18.559999465942383
2026-04-27 14:30:00-04:00,715.1500244140625,18.549999237060547
2026-04-27 14:35:00-04:00,715.155029296875,18.549999237060547
2026-04-27 14:40:00-04:00,714.89501953125,18.559999465942383
2026-04-27 14:45:00-04:00,715.02001953125,18.549999237060547
2026-04-27 14:50:00-04:00,714.8900146484375,18.530000686645508
2026-04-27 14:55:00-04:00,714.875,18.520000457763672
2026-04-27 15:00:00-04:00,714.8900146484375,18.530000686645508
2026-04-27 15:05:00-04:00,714.7999877929688,18.520000457763672
2026-04-27 15:10:00-04:00,714.9500122070312,18.469999313354492
2026-04-27 15:15:00-04:00,715.1500244140625,18.399999618530273
2026-04-27 15:20:00-04:00,715.0900268554688,18.3700008392334
2026-04-27 15:25:00-04:00,715.1400146484375,18.329999923706055
2026-04-27 15:30:00-04:00,715.125,18.260000228881836
2026-04-27 15:35:00-04:00,715.1400146484375,18.239999771118164
2026-04-27 15:40:00-04:00,715.1799926757812,18.209999084472656
2026-04-27 15:45:00-04:00,715.489990234375,18.139999389648438
2026-04-27 15:50:00-04:00,715.169921875,18.15999984741211
2026-04-27 15:55:00-04:00,715.1599731445312,18.170000076293945
2026-04-28 09:30:00-04:00,711.5698852539062,18.670000076293945
2026-04-28 09:35:00-04:00,712.0700073242188,18.68000030517578
2026-04-28 09:40:00-04:00,712.4000244140625,18.59000015258789
2026-04-28 09:45:00-04:00,712.239990234375,18.59000015258789
2026-04-28 09:50:00-04:00,711.6400146484375,18.700000762939453
2026-04-28 09:55:00-04:00,711.5800170898438,18.68000030517578
2026-04-28 10:00:00-04:00,711.4451293945312,18.719999313354492
2026-04-28 10:05:00-04:00,712.1300048828125,18.540000915527344
2026-04-28 10:10:00-04:00,711.6400146484375,18.600000381469727
2026-04-28 10:15:00-04:00,711.3599853515625,18.600000381469727
2026-04-28 10:20:00-04:00,711.3900146484375,18.579999923706055
2026-04-28 10:25:00-04:00,711.25,18.510000228881836
2026-04-28 10:30:00-04:00,710.89501953125,18.540000915527344
2026-04-28 10:35:00-04:00,710.0889892578125,18.690000534057617
2026-04-28 10:40:00-04:00,710.4600219726562,18.6200008392334
2026-04-28 10:45:00-04:00,710.0900268554688,18.649999618530273
2026-04-28 10:50:00-04:00,709.6500244140625,18.700000762939453
2026-04-28 10:55:00-04:00,710.52001953125,18.530000686645508
2026-04-28 11:00:00-04:00,710.60498046875,18.399999618530273
2026-04-28 11:05:00-04:00,710.094970703125,18.510000228881836
2026-04-28 11:10:00-04:00,710.6900024414062,18.389999389648438
2026-04-28 11:15:00-04:00,710.6400146484375,18.420000076293945
2026-04-28 11:20:00-04:00,710.25,18.5
2026-04-28 11:25:00-04:00,709.9000244140625,18.549999237060547
2026-04-28 11:30:00-04:00,709.6900024414062,18.59000015258789
2026-04-28 11:35:00-04:00,709.8900146484375,18.59000015258789
2026-04-28 11:40:00-04:00,709.8099975585938,18.610000610351562
2026-04-28 11:45:00-04:00,709.5698852539062,18.729999542236328
2026-04-28 11:50:00-04:00,709.8499755859375,18.649999618530273
2026-04-28 11:55:00-04:00,709.97998046875,18.610000610351562
2026-04-28 12:00:00-04:00,710.159912109375,18.559999465942383
2026-04-28 12:05:00-04:00,710.2899780273438,18.540000915527344
2026-04-28 12:10:00-04:00,710.4299926757812,18.5
2026-04-28 12:15:00-04:00,710.3350219726562,18.489999771118164
2026-04-28 12:20:00-04:00,710.5,18.469999313354492
2026-04-28 12:25:00-04:00,710.3200073242188,18.5
2026-04-28 12:30:00-04:00,709.8201293945312,18.56999969482422
2026-04-28 12:35:00-04:00,709.7098999023438,18.6299991607666
2026-04-28 12:40:00-04:00,709.530029296875,18.65999984741211
2026-04-28 12:45:00-04:00,709.739990234375,18.610000610351562
2026-04-28 12:50:00-04:00,710.2598266601562,18.469999313354492
2026-04-28 12:55:00-04:00,710.1799926757812,18.520000457763672
2026-04-28 13:00:00-04:00,709.6599731445312,18.579999923706055
2026-04-28 13:05:00-04:00,709.8800048828125,18.549999237060547
2026-04-28 13:10:00-04:00,709.989990234375,18.5
2026-04-28 13:15:00-04:00,709.6500244140625,18.540000915527344
2026-04-28 13:20:00-04:00,709.89501953125,18.5
2026-04-28 13:25:00-04:00,710.1199951171875,18.450000762939453
2026-04-28 13:30:00-04:00,710.4550170898438,18.350000381469727
2026-04-28 13:35:00-04:00,710.5999755859375,18.350000381469727
2026-04-28 13:40:00-04:00,710.72998046875,18.280000686645508
2026-04-28 13:45:00-04:00,710.719970703125,18.270000457763672
2026-04-28 13:50:00-04:00,710.8499755859375,18.280000686645508
2026-04-28 13:55:00-04:00,711.030029296875,18.270000457763672
2026-04-28 14:00:00-04:00,710.8800048828125,18.280000686645508
2026-04-28 14:05:00-04:00,710.989990234375,18.280000686645508
2026-04-28 14:10:00-04:00,711.030029296875,18.280000686645508
2026-04-28 14:15:00-04:00,711.4000244140625,18.200000762939453
2026-04-28 14:20:00-04:00,711.385009765625,18.170000076293945
2026-04-28 14:25:00-04:00,711.3499755859375,18.170000076293945
2026-04-28 14:30:00-04:00,711.0700073242188,18.260000228881836
2026-04-28 14:35:00-04:00,711.0650024414062,18.25
2026-04-28 14:40:00-04:00,711.4000244140625,18.200000762939453
2026-04-28 14:45:00-04:00,711.3800048828125,18.200000762939453
2026-04-28 14:50:00-04:00,711.5700073242188,18.18000030517578
2026-04-28 14:55:00-04:00,711.52001953125,18.15999984741211
2026-04-28 15:00:00-04:00,711.6199951171875,18.1200008392334
2026-04-28 15:05:00-04:00,711.9251708984375,18.040000915527344
2026-04-28 15:10:00-04:00,711.9199829101562,18.049999237060547
2026-04-28 15:15:00-04:00,711.6400146484375,18.06999969482422
2026-04-28 15:20:00-04:00,711.6500244140625,18.059999465942383
2026-04-28 15:25:00-04:00,711.5900268554688,18.079999923706055
2026-04-28 15:30:00-04:00,711.239990234375,18.110000610351562
2026-04-28 15:35:00-04:00,711.5399780273438,18.049999237060547
2026-04-28 15:40:00-04:00,711.639892578125,18.040000915527344
2026-04-28 15:45:00-04:00,711.739990234375,18.010000228881836
2026-04-28 15:50:00-04:00,711.6599731445312,17.989999771118164
2026-04-28 15:55:00-04:00,711.6799926757812,17.809999465942383
2026-04-29 09:30:00-04:00,710.1300048828125,18.34000015258789
2026-04-29 09:35:00-04:00,710.5499877929688,18.290000915527344
2026-04-29 09:40:00-04:00,710.0399780273438,18.360000610351562
2026-04-29 09:45:00-04:00,709.9600219726562,18.389999389648438
2026-04-29 09:50:00-04:00,710.6300048828125,18.1200008392334
2026-04-29 09:55:00-04:00,710.77001953125,18.139999389648438
2026-04-29 10:00:00-04:00,710.7150268554688,18.149999618530273
2026-04-29 10:05:00-04:00,710.8099975585938,18.1200008392334
2026-04-29 10:10:00-04:00,711.1300048828125,18.06999969482422
2026-04-29 10:15:00-04:00,711.0399780273438,18.040000915527344
2026-04-29 10:20:00-04:00,711.3400268554688,17.989999771118164
2026-04-29 10:25:00-04:00,711.47998046875,17.979999542236328
2026-04-29 10:30:00-04:00,711.9000244140625,17.940000534057617
2026-04-29 10:35:00-04:00,711.8499755859375,17.93000030517578
2026-04-29 10:40:00-04:00,711.8400268554688,17.959999084472656
2026-04-29 10:45:00-04:00,711.47998046875,17.989999771118164
2026-04-29 10:50:00-04:00,711.6199951171875,18.0
2026-04-29 10:55:00-04:00,711.4400024414062,18.06999969482422
2026-04-29 11:00:00-04:00,711.1099853515625,18.15999984741211
2026-04-29 11:05:00-04:00,710.6199951171875,18.260000228881836
2026-04-29 11:10:00-04:00,710.25,18.389999389648438
2026-04-29 11:15:00-04:00,710.6699829101562,18.299999237060547
2026-04-29 11:20:00-04:00,710.8200073242188,18.219999313354492
2026-04-29 11:25:00-04:00,710.8670043945312,18.18000030517578
2026-04-29 11:30:00-04:00,710.8499755859375,18.229999542236328
2026-04-29 11:35:00-04:00,710.6600952148438,18.239999771118164
2026-04-29 11:40:00-04:00,710.5700073242188,18.299999237060547
2026-04-29 11:45:00-04:00,710.8499755859375,18.280000686645508
2026-04-29 11:50:00-04:00,709.5501098632812,18.59000015258789
2026-04-29 11:55:00-04:00,710.0399780273438,18.5
2026-04-29 12:00:00-04:00,710.4199829101562,18.420000076293945
2026-04-29 12:05:00-04:00,710.4600219726562,18.440000534057617
2026-04-29 12:10:00-04:00,710.22998046875,18.479999542236328
2026-04-29 12:15:00-04:00,709.9099731445312,18.59000015258789
2026-04-29 12:20:00-04:00,710.2150268554688,18.549999237060547
2026-04-29 12:25:00-04:00,709.75,18.670000076293945
2026-04-29 12:30:00-04:00,709.0900268554688,18.969999313354492
2026-04-29 12:35:00-04:00,709.4500122070312,18.860000610351562
2026-04-29 12:40:00-04:00,709.760009765625,18.780000686645508
2026-04-29 12:45:00-04:00,709.802978515625,18.75
2026-04-29 12:50:00-04:00,709.7999877929688,18.75
2026-04-29 12:55:00-04:00,709.6749877929688,18.81999969482422
2026-04-29 13:00:00-04:00,709.530029296875,18.850000381469727
2026-04-29 13:05:00-04:00,709.6599731445312,18.790000915527344
2026-04-29 13:10:00-04:00,709.655029296875,18.790000915527344
2026-04-29 13:15:00-04:00,709.6400146484375,18.760000228881836
2026-04-29 13:20:00-04:00,709.719970703125,18.729999542236328
2026-04-29 13:25:00-04:00,709.9099731445312,18.65999984741211
2026-04-29 13:30:00-04:00,709.989990234375,18.579999923706055
2026-04-29 13:35:00-04:00,710.0599975585938,18.579999923706055
2026-04-29 13:40:00-04:00,710.010009765625,18.56999969482422
2026-04-29 13:45:00-04:00,710.4600219726562,18.469999313354492
2026-04-29 13:50:00-04:00,710.3300170898438,18.469999313354492
2026-04-29 13:55:00-04:00,710.6099853515625,18.479999542236328
2026-04-29 14:00:00-04:00,709.4500122070312,18.719999313354492
2026-04-29 14:05:00-04:00,708.8400268554688,18.889999389648438
2026-04-29 14:10:00-04:00,709.0880126953125,18.809999465942383
2026-04-29 14:15:00-04:00,709.530029296875,18.65999984741211
2026-04-29 14:20:00-04:00,709.5399780273438,18.65999984741211
2026-04-29 14:25:00-04:00,709.219970703125,18.739999771118164
2026-04-29 14:30:00-04:00,709.02001953125,18.770000457763672
2026-04-29 14:35:00-04:00,709.3900146484375,18.6299991607666
2026-04-29 14:40:00-04:00,708.7000122070312,18.860000610351562
2026-04-29 14:45:00-04:00,709.4650268554688,18.75
2026-04-29 14:50:00-04:00,709.6099853515625,18.700000762939453
2026-04-29 14:55:00-04:00,710.5700073242188,18.5
2026-04-29 15:00:00-04:00,710.385009765625,18.440000534057617
2026-04-29 15:05:00-04:00,710.4600219726562,18.450000762939453
2026-04-29 15:10:00-04:00,711.239990234375,18.329999923706055
2026-04-29 15:15:00-04:00,711.27001953125,18.260000228881836
2026-04-29 15:20:00-04:00,711.22998046875,18.309999465942383
2026-04-29 15:25:00-04:00,710.8699951171875,18.34000015258789
2026-04-29 15:30:00-04:00,710.3599853515625,18.510000228881836
2026-04-29 15:35:00-04:00,710.969970703125,18.479999542236328
2026-04-29 15:40:00-04:00,710.5496826171875,18.5
2026-04-29 15:45:00-04:00,710.739990234375,18.5
2026-04-29 15:50:00-04:00,710.989990234375,18.469999313354492
2026-04-29 15:55:00-04:00,711.5800170898438,18.360000610351562
2026-04-30 09:30:00-04:00,712.8800048828125,17.920000076293945
2026-04-30 09:35:00-04:00,711.8400268554688,18.209999084472656
2026-04-30 09:40:00-04:00,712.8508911132812,17.969999313354492
2026-04-30 09:45:00-04:00,712.510009765625,17.969999313354492
2026-04-30 09:50:00-04:00,711.469970703125,18.100000381469727
2026-04-30 09:55:00-04:00,711.27001953125,18.079999923706055
2026-04-30 10:00:00-04:00,711.8699951171875,17.899999618530273
2026-04-30 10:05:00-04:00,711.1799926757812,17.989999771118164
2026-04-30 10:10:00-04:00,711.6500244140625,17.940000534057617
2026-04-30 10:15:00-04:00,711.5650024414062,17.950000762939453
2026-04-30 10:20:00-04:00,711.9199829101562,17.81999969482422
2026-04-30 10:25:00-04:00,712.010009765625,17.729999542236328
2026-04-30 10:30:00-04:00,711.8499755859375,17.780000686645508
2026-04-30 10:35:00-04:00,711.2999877929688,17.860000610351562
2026-04-30 10:40:00-04:00,712.239990234375,17.719999313354492
2026-04-30 10:45:00-04:00,712.8099975585938,17.56999969482422
2026-04-30 10:50:00-04:00,713.6900024414062,17.420000076293945
2026-04-30 10:55:00-04:00,713.8699951171875,17.43000030517578
2026-04-30 11:00:00-04:00,713.9099731445312,17.440000534057617
2026-04-30 11:05:00-04:00,714.4000244140625,17.350000381469727
2026-04-30 11:10:00-04:00,714.2949829101562,17.350000381469727
2026-04-30 11:15:00-04:00,714.2100219726562,17.3700008392334
2026-04-30 11:20:00-04:00,714.2501220703125,17.360000610351562
2026-04-30 11:25:00-04:00,714.4299926757812,17.31999969482422
2026-04-30 11:30:00-04:00,714.4299926757812,17.34000015258789
2026-04-30 11:35:00-04:00,714.0,17.40999984741211
2026-04-30 11:40:00-04:00,713.9299926757812,17.40999984741211
2026-04-30 11:45:00-04:00,714.0700073242188,17.40999984741211
2026-04-30 11:50:00-04:00,714.7100219726562,17.3700008392334
2026-04-30 11:55:00-04:00,714.5999755859375,17.3799991607666
2026-04-30 12:00:00-04:00,714.5800170898438,17.34000015258789
2026-04-30 12:05:00-04:00,714.72998046875,17.3799991607666
2026-04-30 12:10:00-04:00,715.3099975585938,17.360000610351562
2026-04-30 12:15:00-04:00,715.1799926757812,17.350000381469727
2026-04-30 12:20:00-04:00,714.9290771484375,17.450000762939453
2026-04-30 12:25:00-04:00,715.1799926757812,17.43000030517578
2026-04-30 12:30:00-04:00,715.0499877929688,17.420000076293945
2026-04-30 12:35:00-04:00,715.1649780273438,17.40999984741211
2026-04-30 12:40:00-04:00,714.7498779296875,17.440000534057617
2026-04-30 12:45:00-04:00,714.8099975585938,17.420000076293945
2026-04-30 12:50:00-04:00,714.3599853515625,17.489999771118164
2026-04-30 12:55:00-04:00,714.3474731445312,17.459999084472656
2026-04-30 13:00:00-04:00,714.9600219726562,17.360000610351562
2026-04-30 13:05:00-04:00,715.22998046875,17.31999969482422
2026-04-30 13:10:00-04:00,715.5599975585938,17.309999465942383
2026-04-30 13:15:00-04:00,715.4400024414062,17.360000610351562
2026-04-30 13:20:00-04:00,715.7000122070312,17.389999389648438
2026-04-30 13:25:00-04:00,715.8099975585938,17.3700008392334
2026-04-30 13:30:00-04:00,716.239990234375,17.299999237060547
2026-04-30 13:35:00-04:00,716.489990234375,17.270000457763672
2026-04-30 13:40:00-04:00,716.4299926757812,17.25
2026-04-30 13:45:00-04:00,716.7449951171875,17.270000457763672
2026-04-30 13:50:00-04:00,716.7100219726562,17.280000686645508
2026-04-30 13:55:00-04:00,717.0601196289062,17.25
2026-04-30 14:00:00-04:00,717.780029296875,17.260000228881836
2026-04-30 14:05:00-04:00,717.5399780273438,17.260000228881836
2026-04-30 14:10:00-04:00,717.7899780273438,17.280000686645508
2026-04-30 14:15:00-04:00,717.864990234375,17.280000686645508
2026-04-30 14:20:00-04:00,717.7100219726562,17.290000915527344
2026-04-30 14:25:00-04:00,717.8800048828125,17.280000686645508
2026-04-30 14:30:00-04:00,718.1099853515625,17.25
2026-04-30 14:35:00-04:00,718.510009765625,17.200000762939453
2026-04-30 14:40:00-04:00,718.5800170898438,17.270000457763672
2026-04-30 14:45:00-04:00,718.6799926757812,17.299999237060547
2026-04-30 14:50:00-04:00,718.489990234375,17.280000686645508
2026-04-30 14:55:00-04:00,718.3699951171875,17.219999313354492
2026-04-30 15:00:00-04:00,718.760009765625,17.200000762939453
2026-04-30 15:05:00-04:00,718.9099731445312,17.1200008392334
2026-04-30 15:10:00-04:00,719.27001953125,17.100000381469727
2026-04-30 15:15:00-04:00,719.1400146484375,17.139999389648438
2026-04-30 15:20:00-04:00,719.260009765625,17.149999618530273
2026-04-30 15:25:00-04:00,719.1199951171875,17.200000762939453
2026-04-30 15:30:00-04:00,718.9500122070312,17.110000610351562
2026-04-30 15:35:00-04:00,719.1649780273438,17.059999465942383
2026-04-30 15:40:00-04:00,719.4099731445312,17.0
2026-04-30 15:45:00-04:00,719.510009765625,17.010000228881836
2026-04-30 15:50:00-04:00,719.2249755859375,17.0
2026-04-30 15:55:00-04:00,718.3900146484375,16.93000030517578
2026-05-01 09:30:00-04:00,722.3200073242188,16.760000228881836
2026-05-01 09:35:00-04:00,722.1099853515625,16.709999084472656
2026-05-01 09:40:00-04:00,722.52001953125,16.690000534057617
2026-05-01 09:45:00-04:00,722.1799926757812,16.6200008392334
2026-05-01 09:50:00-04:00,722.5599975585938,16.59000015258789
2026-05-01 09:55:00-04:00,724.1749877929688,16.579999923706055
2026-05-01 10:00:00-04:00,724.35400390625,16.579999923706055
2026-05-01 10:05:00-04:00,724.0523071289062,16.489999771118164
2026-05-01 10:10:00-04:00,724.4500122070312,16.489999771118164
2026-05-01 10:15:00-04:00,724.4600219726562,16.489999771118164
2026-05-01 10:20:00-04:00,724.5850219726562,16.530000686645508
2026-05-01 10:25:00-04:00,724.2587890625,16.600000381469727
2026-05-01 10:30:00-04:00,723.2899780273438,16.65999984741211
2026-05-01 10:35:00-04:00,722.8499755859375,16.68000030517578
2026-05-01 10:40:00-04:00,722.9600219726562,16.670000076293945
2026-05-01 10:45:00-04:00,723.1599731445312,16.670000076293945
2026-05-01 10:50:00-04:00,722.8699951171875,16.690000534057617
2026-05-01 10:55:00-04:00,722.719970703125,16.68000030517578
2026-05-01 11:00:00-04:00,722.3300170898438,16.799999237060547
2026-05-01 11:05:00-04:00,722.6199951171875,16.81999969482422
2026-05-01 11:10:00-04:00,722.9949951171875,16.739999771118164
2026-05-01 11:15:00-04:00,722.9949951171875,16.729999542236328
2026-05-01 11:20:00-04:00,723.280029296875,16.68000030517578
2026-05-01 11:25:00-04:00,723.2899780273438,16.709999084472656
2026-05-01 11:30:00-04:00,723.260009765625,16.729999542236328
2026-05-01 11:35:00-04:00,723.7899780273438,16.65999984741211
2026-05-01 11:40:00-04:00,724.010009765625,16.68000030517578
2026-05-01 11:45:00-04:00,724.2899780273438,16.690000534057617
2026-05-01 11:50:00-04:00,723.4801025390625,16.790000915527344
2026-05-01 11:55:00-04:00,723.385009765625,16.829999923706055
2026-05-01 12:00:00-04:00,723.3599853515625,16.829999923706055
2026-05-01 12:05:00-04:00,722.5399780273438,16.940000534057617
2026-05-01 12:10:00-04:00,722.5,16.940000534057617
2026-05-01 12:15:00-04:00,723.010009765625,16.860000610351562
2026-05-01 12:20:00-04:00,722.5399780273438,16.8799991607666
2026-05-01 12:25:00-04:00,722.1400146484375,16.959999084472656
2026-05-01 12:30:00-04:00,722.030029296875,16.979999542236328
2026-05-01 12:35:00-04:00,722.27001953125,16.90999984741211
2026-05-01 12:40:00-04:00,721.6900024414062,16.889999389648438
2026-05-01 12:45:00-04:00,721.6900024414062,16.829999923706055
2026-05-01 12:50:00-04:00,722.1500244140625,16.719999313354492
2026-05-01 12:55:00-04:00,721.8900146484375,16.719999313354492
2026-05-01 13:00:00-04:00,722.1500244140625,16.709999084472656
2026-05-01 13:05:00-04:00,722.2100219726562,16.719999313354492
2026-05-01 13:10:00-04:00,722.5098876953125,16.690000534057617
2026-05-01 13:15:00-04:00,722.6799926757812,16.709999084472656
2026-05-01 13:20:00-04:00,722.760009765625,16.709999084472656
2026-05-01 13:25:00-04:00,722.97998046875,16.690000534057617
2026-05-01 13:30:00-04:00,722.9600219726562,16.700000762939453
2026-05-01 13:35:00-04:00,722.8099975585938,16.790000915527344
2026-05-01 13:40:00-04:00,722.9099731445312,16.809999465942383
2026-05-01 13:45:00-04:00,722.8400268554688,16.84000015258789
2026-05-01 13:50:00-04:00,722.97998046875,16.860000610351562
2026-05-01 13:55:00-04:00,722.7999877929688,16.889999389648438
2026-05-01 14:00:00-04:00,722.4827880859375,16.920000076293945
2026-05-01 14:05:00-04:00,722.4550170898438,16.889999389648438
2026-05-01 14:10:00-04:00,721.8200073242188,17.0
2026-05-01 14:15:00-04:00,721.8400268554688,16.969999313354492
2026-05-01 14:20:00-04:00,722.0800170898438,16.950000762939453
2026-05-01 14:25:00-04:00,722.1799926757812,16.969999313354492
2026-05-01 14:30:00-04:00,721.5800170898438,17.0
2026-05-01 14:35:00-04:00,721.3499755859375,17.010000228881836
2026-05-01 14:40:00-04:00,721.219970703125,17.010000228881836
2026-05-01 14:45:00-04:00,721.114990234375,16.920000076293945
2026-05-01 14:50:00-04:00,721.0499877929688,16.899999618530273
2026-05-01 14:55:00-04:00,721.1699829101562,16.8700008392334
2026-05-01 15:00:00-04:00,721.4149780273438,16.829999923706055
2026-05-01 15:05:00-04:00,721.7849731445312,16.809999465942383
2026-05-01 15:10:00-04:00,722.0549926757812,16.780000686645508
2026-05-01 15:15:00-04:00,722.1799926757812,16.690000534057617
2026-05-01 15:20:00-04:00,722.25,16.65999984741211
2026-05-01 15:25:00-04:00,722.4199829101562,16.649999618530273
2026-05-01 15:30:00-04:00,722.25,16.649999618530273
2026-05-01 15:35:00-04:00,722.3200073242188,16.709999084472656
2026-05-01 15:40:00-04:00,722.135009765625,16.700000762939453
2026-05-01 15:45:00-04:00,721.9874877929688,16.75
2026-05-01 15:50:00-04:00,721.2899780273438,16.850000381469727
2026-05-01 15:55:00-04:00,720.6699829101562,17.0
2026-05-04 09:30:00-04:00,719.9099731445312,17.670000076293945
2026-05-04 09:35:00-04:00,719.8400268554688,17.649999618530273
2026-05-04 09:40:00-04:00,719.9500122070312,17.559999465942383
2026-05-04 09:45:00-04:00,720.4099731445312,17.469999313354492
2026-05-04 09:50:00-04:00,720.4500122070312,17.479999542236328
2026-05-04 09:55:00-04:00,720.7601928710938,17.43000030517578
2026-05-04 10:00:00-04:00,720.3067016601562,17.40999984741211
2026-05-04 10:05:00-04:00,720.0599975585938,17.479999542236328
2026-05-04 10:10:00-04:00,720.989990234375,17.290000915527344
2026-05-04 10:15:00-04:00,721.4199829101562,17.239999771118164
2026-05-04 10:20:00-04:00,721.3599853515625,17.219999313354492
2026-05-04 10:25:00-04:00,721.239990234375,17.260000228881836
2026-05-04 10:30:00-04:00,721.6099853515625,17.209999084472656
2026-05-04 10:35:00-04:00,721.7899780273438,17.229999542236328
2026-05-04 10:40:00-04:00,721.9052124023438,17.299999237060547
2026-05-04 10:45:00-04:00,721.760009765625,17.350000381469727
2026-05-04 10:50:00-04:00,721.9349975585938,17.3799991607666
2026-05-04 10:55:00-04:00,720.9099731445312,17.5
2026-05-04 11:00:00-04:00,720.9600219726562,17.510000228881836
2026-05-04 11:05:00-04:00,720.780029296875,17.59000015258789
2026-05-04 11:10:00-04:00,720.25,17.68000030517578
2026-05-04 11:15:00-04:00,718.77001953125,17.8799991607666
2026-05-04 11:20:00-04:00,717.6799926757812,18.420000076293945
2026-05-04 11:25:00-04:00,718.4400024414062,18.170000076293945
2026-05-04 11:30:00-04:00,718.0800170898438,18.34000015258789
2026-05-04 11:35:00-04:00,717.830078125,18.450000762939453
2026-05-04 11:40:00-04:00,718.3150024414062,18.34000015258789
2026-05-04 11:45:00-04:00,717.5999755859375,18.489999771118164
2026-05-04 11:50:00-04:00,718.0399780273438,18.3799991607666
2026-05-04 11:55:00-04:00,717.5897827148438,18.440000534057617
2026-05-04 12:00:00-04:00,717.260009765625,18.600000381469727
2026-05-04 12:05:00-04:00,716.1199951171875,18.93000030517578
2026-05-04 12:10:00-04:00,715.9400024414062,18.90999984741211
2026-05-04 12:15:00-04:00,717.1900024414062,18.770000457763672
2026-05-04 12:20:00-04:00,717.4400024414062,18.59000015258789
2026-05-04 12:25:00-04:00,717.0,18.700000762939453
2026-05-04 12:30:00-04:00,717.5599975585938,18.56999969482422
2026-05-04 12:35:00-04:00,716.8300170898438,18.739999771118164
2026-05-04 12:40:00-04:00,716.9199829101562,18.719999313354492
2026-05-04 12:45:00-04:00,716.9199829101562,18.809999465942383
2026-05-04 12:50:00-04:00,716.6500244140625,18.8799991607666
2026-05-04 12:55:00-04:00,716.5499877929688,18.84000015258789
2026-05-04 13:00:00-04:00,717.0800170898438,18.68000030517578
2026-05-04 13:05:00-04:00,717.4299926757812,18.540000915527344
2026-05-04 13:10:00-04:00,717.469970703125,18.510000228881836
2026-05-04 13:15:00-04:00,718.2650146484375,18.239999771118164
2026-05-04 13:20:00-04:00,718.469970703125,18.1200008392334
2026-05-04 13:25:00-04:00,718.5700073242188,18.110000610351562
2026-05-04 13:30:00-04:00,718.1500244140625,18.15999984741211
2026-05-04 13:35:00-04:00,718.0999755859375,18.200000762939453
2026-05-04 13:40:00-04:00,718.2100219726562,18.15999984741211
2026-05-04 13:45:00-04:00,718.2999877929688,18.170000076293945
2026-05-04 13:50:00-04:00,718.3699951171875,18.1299991607666
2026-05-04 13:55:00-04:00,718.330078125,18.149999618530273
2026-05-04 14:00:00-04:00,718.8925170898438,18.010000228881836
2026-05-04 14:05:00-04:00,718.7100219726562,18.030000686645508
2026-05-04 14:10:00-04:00,718.4500122070312,18.1200008392334
2026-05-04 14:15:00-04:00,718.25,18.200000762939453
2026-05-04 14:20:00-04:00,717.7000122070312,18.399999618530273
2026-05-04 14:25:00-04:00,717.760009765625,18.34000015258789
2026-05-04 14:30:00-04:00,717.639892578125,18.3799991607666
2026-05-04 14:35:00-04:00,717.530029296875,18.420000076293945
2026-05-04 14:40:00-04:00,717.0700073242188,18.510000228881836
2026-05-04 14:45:00-04:00,717.47998046875,18.40999984741211
2026-05-04 14:50:00-04:00,717.1400146484375,18.489999771118164
2026-05-04 14:55:00-04:00,717.469970703125,18.360000610351562
2026-05-04 15:00:00-04:00,717.3699951171875,18.389999389648438
2026-05-04 15:05:00-04:00,717.9099731445312,18.290000915527344
2026-05-04 15:10:00-04:00,718.0399780273438,18.299999237060547
2026-05-04 15:15:00-04:00,717.9498901367188,18.239999771118164
2026-05-04 15:20:00-04:00,717.9199829101562,18.290000915527344
2026-05-04 15:25:00-04:00,717.739990234375,18.31999969482422
2026-05-04 15:30:00-04:00,718.0050048828125,18.25
2026-05-04 15:35:00-04:00,717.97998046875,18.239999771118164
2026-05-04 15:40:00-04:00,717.75,18.290000915527344
2026-05-04 15:45:00-04:00,718.1400146484375,18.219999313354492
2026-05-04 15:50:00-04:00,717.52001953125,18.329999923706055
2026-05-04 15:55:00-04:00,718.0700073242188,18.18000030517578
2026-05-05 09:30:00-04:00,722.2899780273438,17.360000610351562
2026-05-05 09:35:00-04:00,722.0599975585938,17.389999389648438
2026-05-05 09:40:00-04:00,722.22998046875,17.43000030517578
2026-05-05 09:45:00-04:00,722.1599731445312,17.420000076293945
2026-05-05 09:50:00-04:00,722.3699951171875,17.43000030517578
2026-05-05 09:55:00-04:00,722.530029296875,17.440000534057617
2026-05-05 10:00:00-04:00,722.75,17.420000076293945
2026-05-05 10:05:00-04:00,723.1837158203125,17.389999389648438
2026-05-05 10:10:00-04:00,722.3150024414062,17.579999923706055
2026-05-05 10:15:00-04:00,722.14501953125,17.549999237060547
2026-05-05 10:20:00-04:00,723.1799926757812,17.3799991607666
2026-05-05 10:25:00-04:00,723.2899780273438,17.360000610351562
2026-05-05 10:30:00-04:00,723.02001953125,17.450000762939453
2026-05-05 10:35:00-04:00,722.6749877929688,17.469999313354492
2026-05-05 10:40:00-04:00,722.7000122070312,17.40999984741211
2026-05-05 10:45:00-04:00,722.719970703125,17.389999389648438
2026-05-05 10:50:00-04:00,722.9398803710938,17.40999984741211
2026-05-05 10:55:00-04:00,723.1400146484375,17.399999618530273
2026-05-05 11:00:00-04:00,723.5,17.3700008392334
2026-05-05 11:05:00-04:00,723.3200073242188,17.459999084472656
2026-05-05 11:10:00-04:00,723.5499877929688,17.420000076293945
2026-05-05 11:15:00-04:00,723.375,17.450000762939453
2026-05-05 11:20:00-04:00,723.1699829101562,17.450000762939453
2026-05-05 11:25:00-04:00,723.47998046875,17.489999771118164
2026-05-05 11:30:00-04:00,722.969970703125,17.559999465942383
2026-05-05 11:35:00-04:00,723.1300048828125,17.549999237060547
2026-05-05 11:40:00-04:00,723.1199951171875,17.540000915527344
2026-05-05 11:45:00-04:00,723.3250122070312,17.520000457763672
2026-05-05 11:50:00-04:00,723.2449951171875,17.530000686645508
2026-05-05 11:55:00-04:00,723.0399780273438,17.540000915527344
2026-05-05 12:00:00-04:00,723.3200073242188,17.489999771118164
2026-05-05 12:05:00-04:00,723.5,17.469999313354492
2026-05-05 12:10:00-04:00,723.5050048828125,17.479999542236328
2026-05-05 12:15:00-04:00,723.5900268554688,17.469999313354492
2026-05-05 12:20:00-04:00,723.7000122070312,17.43000030517578
2026-05-05 12:25:00-04:00,723.5800170898438,17.450000762939453
2026-05-05 12:30:00-04:00,723.5,17.440000534057617
2026-05-05 12:35:00-04:00,723.4199829101562,17.43000030517578
2026-05-05 12:40:00-04:00,723.4398803710938,17.459999084472656
2026-05-05 12:45:00-04:00,723.6099853515625,17.40999984741211
2026-05-05 12:50:00-04:00,723.5349731445312,17.40999984741211
2026-05-05 12:55:00-04:00,723.469970703125,17.40999984741211
2026-05-05 13:00:00-04:00,723.489990234375,17.3799991607666
2026-05-05 13:05:00-04:00,723.22998046875,17.43000030517578
2026-05-05 13:10:00-04:00,723.27001953125,17.389999389648438
2026-05-05 13:15:00-04:00,723.5700073242188,17.350000381469727
2026-05-05 13:20:00-04:00,723.5750122070312,17.31999969482422
2026-05-05 13:25:00-04:00,723.85498046875,17.280000686645508
2026-05-05 13:30:00-04:00,723.7899780273438,17.270000457763672
2026-05-05 13:35:00-04:00,723.8150024414062,17.260000228881836
2026-05-05 13:40:00-04:00,723.8599853515625,17.25
2026-05-05 13:45:00-04:00,723.9000244140625,17.25
2026-05-05 13:50:00-04:00,724.0900268554688,17.229999542236328
2026-05-05 13:55:00-04:00,724.010009765625,17.25
2026-05-05 14:00:00-04:00,724.1699829101562,17.239999771118164
2026-05-05 14:05:00-04:00,724.239990234375,17.219999313354492
2026-05-05 14:10:00-04:00,724.6199951171875,17.209999084472656
2026-05-05 14:15:00-04:00,724.489990234375,17.260000228881836
2026-05-05 14:20:00-04:00,724.5,17.299999237060547
2026-05-05 14:25:00-04:00,724.4749755859375,17.299999237060547
2026-05-05 14:30:00-04:00,724.27001953125,17.290000915527344
2026-05-05 14:35:00-04:00,724.135009765625,17.31999969482422
2026-05-05 14:40:00-04:00,724.260009765625,17.290000915527344
2026-05-05 14:45:00-04:00,724.4000244140625,17.280000686645508
2026-05-05 14:50:00-04:00,724.280029296875,17.290000915527344
2026-05-05 14:55:00-04:00,724.3200073242188,17.239999771118164
2026-05-05 15:00:00-04:00,724.489990234375,17.219999313354492
2026-05-05 15:05:00-04:00,724.719970703125,17.229999542236328
2026-05-05 15:10:00-04:00,724.75,17.239999771118164
2026-05-05 15:15:00-04:00,724.8800048828125,17.270000457763672
2026-05-05 15:20:00-04:00,724.9400024414062,17.260000228881836
2026-05-05 15:25:00-04:00,724.719970703125,17.270000457763672
2026-05-05 15:30:00-04:00,724.6749877929688,17.280000686645508
2026-05-05 15:35:00-04:00,724.760009765625,17.270000457763672
2026-05-05 15:40:00-04:00,724.7498779296875,17.280000686645508
2026-05-05 15:45:00-04:00,724.4799194335938,17.350000381469727
2026-05-05 15:50:00-04:00,723.7000122070312,17.440000534057617
2026-05-05 15:55:00-04:00,723.739990234375,17.43000030517578
2026-05-06 09:30:00-04:00,729.1300048828125,16.899999618530273
2026-05-06 09:35:00-04:00,729.0800170898438,17.0
2026-05-06 09:40:00-04:00,729.1300048828125,17.040000915527344
2026-05-06 09:45:00-04:00,729.0795288085938,17.209999084472656
2026-05-06 09:50:00-04:00,729.6599731445312,17.18000030517578
2026-05-06 09:55:00-04:00,729.6500244140625,17.149999618530273
2026-05-06 10:00:00-04:00,729.39501953125,17.15999984741211
2026-05-06 10:05:00-04:00,729.75,17.06999969482422
2026-05-06 10:10:00-04:00,730.0800170898438,16.979999542236328
2026-05-06 10:15:00-04:00,729.739990234375,16.950000762939453
2026-05-06 10:20:00-04:00,730.25,16.959999084472656
2026-05-06 10:25:00-04:00,730.02001953125,16.989999771118164
2026-05-06 10:30:00-04:00,730.9600219726562,16.959999084472656
2026-05-06 10:35:00-04:00,731.239990234375,16.989999771118164
2026-05-06 10:40:00-04:00,731.8599853515625,16.940000534057617
2026-05-06 10:45:00-04:00,731.7899780273438,16.940000534057617
2026-05-06 10:50:00-04:00,731.9400024414062,16.969999313354492
2026-05-06 10:55:00-04:00,732.1500854492188,17.020000457763672
2026-05-06 11:00:00-04:00,732.3200073242188,17.059999465942383
2026-05-06 11:05:00-04:00,731.8599853515625,17.110000610351562
2026-05-06 11:10:00-04:00,731.7426147460938,17.139999389648438
2026-05-06 11:15:00-04:00,732.1900024414062,17.100000381469727
2026-05-06 11:20:00-04:00,732.2349853515625,17.1200008392334
2026-05-06 11:25:00-04:00,732.0599975585938,17.260000228881836
2026-05-06 11:30:00-04:00,731.969970703125,17.280000686645508
2026-05-06 11:35:00-04:00,731.4749755859375,17.309999465942383
2026-05-06 11:40:00-04:00,731.3300170898438,17.350000381469727
2026-05-06 11:45:00-04:00,731.5499267578125,17.219999313354492
2026-05-06 11:50:00-04:00,731.77001953125,17.190000534057617
2026-05-06 11:55:00-04:00,731.6400146484375,17.229999542236328
2026-05-06 12:00:00-04:00,731.7999877929688,17.200000762939453
2026-05-06 12:05:00-04:00,731.6300048828125,17.229999542236328
2026-05-06 12:10:00-04:00,731.9149780273438,17.170000076293945
2026-05-06 12:15:00-04:00,731.8400268554688,17.219999313354492
2026-05-06 12:20:00-04:00,731.8599853515625,17.200000762939453
2026-05-06 12:25:00-04:00,731.77001953125,17.219999313354492
2026-05-06 12:30:00-04:00,731.760009765625,17.229999542236328
2026-05-06 12:35:00-04:00,731.6701049804688,17.229999542236328
2026-05-06 12:40:00-04:00,731.594970703125,17.219999313354492
2026-05-06 12:45:00-04:00,731.3400268554688,17.239999771118164
2026-05-06 12:50:00-04:00,730.8812866210938,17.219999313354492
2026-05-06 12:55:00-04:00,730.9849853515625,17.149999618530273
2026-05-06 13:00:00-04:00,731.25,17.139999389648438
2026-05-06 13:05:00-04:00,731.469970703125,17.110000610351562
2026-05-06 13:10:00-04:00,731.5349731445312,17.1200008392334
2026-05-06 13:15:00-04:00,731.5800170898438,17.1200008392334
2026-05-06 13:20:00-04:00,731.6599731445312,17.110000610351562
2026-05-06 13:25:00-04:00,731.6799926757812,17.1200008392334
2026-05-06 13:30:00-04:00,731.75,17.06999969482422
2026-05-06 13:35:00-04:00,731.6599731445312,17.059999465942383
2026-05-06 13:40:00-04:00,731.8800048828125,17.030000686645508
2026-05-06 13:45:00-04:00,731.8699951171875,17.030000686645508
2026-05-06 13:50:00-04:00,731.97998046875,17.010000228881836
2026-05-06 13:55:00-04:00,732.125,17.0
2026-05-06 14:00:00-04:00,732.2000122070312,17.010000228881836
2026-05-06 14:05:00-04:00,732.5050048828125,17.0
2026-05-06 14:10:00-04:00,732.5,17.020000457763672
2026-05-06 14:15:00-04:00,732.885009765625,17.020000457763672
2026-05-06 14:20:00-04:00,733.0700073242188,17.030000686645508
2026-05-06 14:25:00-04:00,733.0449829101562,17.040000915527344
2026-05-06 14:30:00-04:00,733.1900024414062,17.059999465942383
2026-05-06 14:35:00-04:00,733.1950073242188,17.139999389648438
2026-05-06 14:40:00-04:00,733.02001953125,17.149999618530273
2026-05-06 14:45:00-04:00,732.8699951171875,17.1200008392334
2026-05-06 14:50:00-04:00,733.0499877929688,17.139999389648438
2026-05-06 14:55:00-04:00,732.9600219726562,17.15999984741211
2026-05-06 15:00:00-04:00,733.3400268554688,17.149999618530273
2026-05-06 15:05:00-04:00,733.5250244140625,17.200000762939453
2026-05-06 15:10:00-04:00,733.760009765625,17.18000030517578
2026-05-06 15:15:00-04:00,733.780029296875,17.200000762939453
2026-05-06 15:20:00-04:00,733.860107421875,17.190000534057617
2026-05-06 15:25:00-04:00,733.8599853515625,17.209999084472656
2026-05-06 15:30:00-04:00,733.625,17.280000686645508
2026-05-06 15:35:00-04:00,733.969970703125,17.31999969482422
2026-05-06 15:40:00-04:00,733.6749877929688,17.350000381469727
2026-05-06 15:45:00-04:00,733.7000122070312,17.309999465942383
2026-05-06 15:50:00-04:00,734.4500122070312,17.360000610351562
2026-05-06 15:55:00-04:00,733.77001953125,17.25
2026-05-07 09:30:00-04:00,734.5399169921875,17.309999465942383
2026-05-07 09:35:00-04:00,734.5,17.290000915527344
2026-05-07 09:40:00-04:00,734.22998046875,17.229999542236328
2026-05-07 09:45:00-04:00,733.6500244140625,17.309999465942383
2026-05-07 09:50:00-04:00,734.0250244140625,17.270000457763672
2026-05-07 09:55:00-04:00,733.9400024414062,17.239999771118164
2026-05-07 10:00:00-04:00,734.5300903320312,17.200000762939453
2026-05-07 10:05:00-04:00,734.6900024414062,17.15999984741211
2026-05-07 10:10:00-04:00,734.52001953125,17.170000076293945
2026-05-07 10:15:00-04:00,734.5599975585938,17.18000030517578
2026-05-07 10:20:00-04:00,734.5900268554688,17.18000030517578
2026-05-07 10:25:00-04:00,734.5499877929688,17.15999984741211
2026-05-07 10:30:00-04:00,734.77001953125,17.170000076293945
2026-05-07 10:35:00-04:00,735.1799926757812,17.139999389648438
2026-05-07 10:40:00-04:00,735.1500244140625,17.139999389648438
2026-05-07 10:45:00-04:00,735.219970703125,17.149999618530273
2026-05-07 10:50:00-04:00,735.7100219726562,17.09000015258789
2026-05-07 10:55:00-04:00,736.0800170898438,17.1299991607666
2026-05-07 11:00:00-04:00,735.8300170898438,17.209999084472656
2026-05-07 11:05:00-04:00,735.6400146484375,17.209999084472656
2026-05-07 11:10:00-04:00,735.2999877929688,17.239999771118164
2026-05-07 11:15:00-04:00,735.3800048828125,17.219999313354492
2026-05-07 11:20:00-04:00,735.0989990234375,17.200000762939453
2026-05-07 11:25:00-04:00,734.9088134765625,17.219999313354492
2026-05-07 11:30:00-04:00,735.530029296875,17.209999084472656
2026-05-07 11:35:00-04:00,735.2301025390625,17.229999542236328
2026-05-07 11:40:00-04:00,735.3099975585938,17.239999771118164
2026-05-07 11:45:00-04:00,734.8350219726562,17.280000686645508
2026-05-07 11:50:00-04:00,734.8699951171875,17.270000457763672
2026-05-07 11:55:00-04:00,733.9799194335938,17.31999969482422
2026-05-07 12:00:00-04:00,733.4000244140625,17.3700008392334
2026-05-07 12:05:00-04:00,733.360107421875,17.420000076293945
2026-05-07 12:10:00-04:00,732.719970703125,17.450000762939453
2026-05-07 12:15:00-04:00,731.875,17.530000686645508
2026-05-07 12:20:00-04:00,732.7000122070312,17.450000762939453
2026-05-07 12:25:00-04:00,733.364990234375,17.31999969482422
2026-05-07 12:30:00-04:00,733.6199951171875,17.280000686645508
2026-05-07 12:35:00-04:00,732.760009765625,17.3700008392334
2026-05-07 12:40:00-04:00,732.780029296875,17.360000610351562
2026-05-07 12:45:00-04:00,732.52001953125,17.3799991607666
2026-05-07 12:50:00-04:00,732.4199829101562,17.3799991607666
2026-05-07 12:55:00-04:00,732.0399780273438,17.40999984741211
2026-05-07 13:00:00-04:00,732.030029296875,17.3799991607666
2026-05-07 13:05:00-04:00,732.1799926757812,17.31999969482422
2026-05-07 13:10:00-04:00,731.989990234375,17.350000381469727
2026-05-07 13:15:00-04:00,731.3800048828125,17.399999618530273
2026-05-07 13:20:00-04:00,732.1599731445312,17.229999542236328
2026-05-07 13:25:00-04:00,730.625,17.459999084472656
2026-05-07 13:30:00-04:00,731.0,17.450000762939453
2026-05-07 13:35:00-04:00,731.4000244140625,17.329999923706055
2026-05-07 13:40:00-04:00,730.760009765625,17.3799991607666
2026-05-07 13:45:00-04:00,730.5499877929688,17.399999618530273
2026-05-07 13:50:00-04:00,730.4400024414062,17.40999984741211
2026-05-07 13:55:00-04:00,731.719970703125,17.239999771118164
2026-05-07 14:00:00-04:00,731.469970703125,17.219999313354492
2026-05-07 14:05:00-04:00,731.3599853515625,17.239999771118164
2026-05-07 14:10:00-04:00,731.6199951171875,17.200000762939453
2026-05-07 14:15:00-04:00,731.8400268554688,17.09000015258789
2026-05-07 14:20:00-04:00,731.4550170898438,17.139999389648438
2026-05-07 14:25:00-04:00,731.2899780273438,17.18000030517578
2026-05-07 14:30:00-04:00,731.739990234375,17.079999923706055
2026-05-07 14:35:00-04:00,731.405029296875,17.139999389648438
2026-05-07 14:40:00-04:00,730.302490234375,17.299999237060547
2026-05-07 14:45:00-04:00,730.2000122070312,17.360000610351562
2026-05-07 14:50:00-04:00,730.5499877929688,17.31999969482422
2026-05-07 14:55:00-04:00,731.1400146484375,17.190000534057617
2026-05-07 15:00:00-04:00,730.8800048828125,17.260000228881836
2026-05-07 15:05:00-04:00,730.9099731445312,17.290000915527344
2026-05-07 15:10:00-04:00,731.1900024414062,17.229999542236328
2026-05-07 15:15:00-04:00,730.6099853515625,17.309999465942383
2026-05-07 15:20:00-04:00,730.2100219726562,17.350000381469727
2026-05-07 15:25:00-04:00,730.5,17.329999923706055
2026-05-07 15:30:00-04:00,730.9099731445312,17.260000228881836
2026-05-07 15:35:00-04:00,731.2899780273438,17.18000030517578
2026-05-07 15:40:00-04:00,731.260009765625,17.1299991607666
2026-05-07 15:45:00-04:00,731.2100830078125,17.1299991607666
2026-05-07 15:50:00-04:00,730.9500122070312,17.209999084472656
2026-05-07 15:55:00-04:00,731.5599975585938,17.059999465942383
2026-05-08 09:30:00-04:00,735.280029296875,16.979999542236328
2026-05-08 09:35:00-04:00,734.9299926757812,16.959999084472656
2026-05-08 09:40:00-04:00,735.2899780273438,16.940000534057617
2026-05-08 09:45:00-04:00,736.0499877929688,16.90999984741211
2026-05-08 09:50:00-04:00,735.9650268554688,16.979999542236328
2026-05-08 09:55:00-04:00,736.6400146484375,17.040000915527344
2026-05-08 10:00:00-04:00,736.7550048828125,17.06999969482422
2026-05-08 10:05:00-04:00,736.5399780273438,17.110000610351562
2026-05-08 10:10:00-04:00,736.7999877929688,17.18000030517578
2026-05-08 10:15:00-04:00,736.8900146484375,17.270000457763672
2026-05-08 10:20:00-04:00,737.2401123046875,17.399999618530273
2026-05-08 10:25:00-04:00,736.7999877929688,17.440000534057617
2026-05-08 10:30:00-04:00,736.510009765625,17.350000381469727
2026-05-08 10:35:00-04:00,736.9500122070312,17.299999237060547
2026-05-08 10:40:00-04:00,737.1450805664062,17.299999237060547
2026-05-08 10:45:00-04:00,737.1900024414062,17.329999923706055
2026-05-08 10:50:00-04:00,737.2799072265625,17.360000610351562
2026-05-08 10:55:00-04:00,737.0599975585938,17.3799991607666
2026-05-08 11:00:00-04:00,737.080078125,17.260000228881836
2026-05-08 11:05:00-04:00,736.7344970703125,17.280000686645508
2026-05-08 11:10:00-04:00,736.5900268554688,17.270000457763672
2026-05-08 11:15:00-04:00,736.4000244140625,17.270000457763672
2026-05-08 11:20:00-04:00,736.5549926757812,17.270000457763672
2026-05-08 11:25:00-04:00,736.9099731445312,17.229999542236328
2026-05-08 11:30:00-04:00,736.9450073242188,17.260000228881836
2026-05-08 11:35:00-04:00,737.281005859375,17.260000228881836
2026-05-08 11:40:00-04:00,736.7474975585938,17.309999465942383
2026-05-08 11:45:00-04:00,737.0900268554688,17.290000915527344
2026-05-08 11:50:00-04:00,737.030029296875,17.280000686645508
2026-05-08 11:55:00-04:00,736.8900146484375,17.290000915527344
2026-05-08 12:00:00-04:00,737.1290893554688,17.239999771118164
2026-05-08 12:05:00-04:00,737.2546997070312,17.229999542236328
2026-05-08 12:10:00-04:00,737.375,17.219999313354492
2026-05-08 12:15:00-04:00,737.27001953125,17.219999313354492
2026-05-08 12:20:00-04:00,737.4000244140625,17.229999542236328
2026-05-08 12:25:00-04:00,737.5499877929688,17.219999313354492
2026-05-08 12:30:00-04:00,737.47998046875,17.229999542236328
2026-05-08 12:35:00-04:00,737.3699951171875,17.239999771118164
2026-05-08 12:40:00-04:00,736.8099975585938,17.270000457763672
2026-05-08 12:45:00-04:00,737.3001098632812,17.239999771118164
2026-05-08 12:50:00-04:00,737.0399780273438,17.290000915527344
2026-05-08 12:55:00-04:00,736.9199829101562,17.280000686645508
2026-05-08 13:00:00-04:00,737.469970703125,17.25
2026-05-08 13:05:00-04:00,737.3499755859375,17.270000457763672
2026-05-08 13:10:00-04:00,737.1699829101562,17.34000015258789
2026-05-08 13:15:00-04:00,737.52001953125,17.3700008392334
2026-05-08 13:20:00-04:00,737.6400146484375,17.360000610351562
2026-05-08 13:25:00-04:00,737.6900024414062,17.3700008392334
2026-05-08 13:30:00-04:00,737.7000122070312,17.40999984741211
2026-05-08 13:35:00-04:00,737.45751953125,17.459999084472656
2026-05-08 13:40:00-04:00,737.280029296875,17.469999313354492
2026-05-08 13:45:00-04:00,737.260009765625,17.510000228881836
2026-05-08 13:50:00-04:00,737.3800048828125,17.5
2026-05-08 13:55:00-04:00,737.1900024414062,17.479999542236328
2026-05-08 14:00:00-04:00,737.5700073242188,17.43000030517578
2026-05-08 14:05:00-04:00,737.4000244140625,17.440000534057617
2026-05-08 14:10:00-04:00,737.780029296875,17.459999084472656
2026-05-08 14:15:00-04:00,737.7501220703125,17.450000762939453
2026-05-08 14:20:00-04:00,737.780029296875,17.459999084472656
2026-05-08 14:25:00-04:00,737.72998046875,17.450000762939453
2026-05-08 14:30:00-04:00,737.594970703125,17.440000534057617
2026-05-08 14:35:00-04:00,737.489990234375,17.440000534057617
2026-05-08 14:40:00-04:00,737.25,17.440000534057617
2026-05-08 14:45:00-04:00,736.9500122070312,17.43000030517578
2026-05-08 14:50:00-04:00,736.5750122070312,17.479999542236328
2026-05-08 14:55:00-04:00,736.3800048828125,17.479999542236328
2026-05-08 15:00:00-04:00,736.6099853515625,17.469999313354492
2026-05-08 15:05:00-04:00,736.8400268554688,17.489999771118164
2026-05-08 15:10:00-04:00,736.8300170898438,17.5
2026-05-08 15:15:00-04:00,737.14501953125,17.3799991607666
2026-05-08 15:20:00-04:00,736.9949951171875,17.3799991607666
2026-05-08 15:25:00-04:00,736.6400146484375,17.350000381469727
2026-05-08 15:30:00-04:00,737.0399780273438,17.280000686645508
2026-05-08 15:35:00-04:00,737.1199951171875,17.229999542236328
2026-05-08 15:40:00-04:00,737.344970703125,17.149999618530273
2026-05-08 15:45:00-04:00,737.2000122070312,17.06999969482422
2026-05-08 15:50:00-04:00,737.4600219726562,17.06999969482422
2026-05-08 15:55:00-04:00,737.530029296875,17.18000030517578
2026-05-11 09:30:00-04:00,737.9450073242188,18.290000915527344
2026-05-11 09:35:00-04:00,737.60498046875,18.34000015258789
2026-05-11 09:40:00-04:00,738.3900146484375,18.299999237060547
2026-05-11 09:45:00-04:00,738.780029296875,18.229999542236328
2026-05-11 09:50:00-04:00,738.52001953125,18.239999771118164
2026-05-11 09:55:00-04:00,738.6701049804688,18.190000534057617
2026-05-11 10:00:00-04:00,738.5999755859375,18.219999313354492
2026-05-11 10:05:00-04:00,738.7849731445312,18.270000457763672
2026-05-11 10:10:00-04:00,739.0399780273438,18.219999313354492
2026-05-11 10:15:00-04:00,739.47998046875,18.239999771118164
2026-05-11 10:20:00-04:00,739.52001953125,18.260000228881836
2026-05-11 10:25:00-04:00,738.4674072265625,18.25
2026-05-11 10:30:00-04:00,738.4299926757812,18.239999771118164
2026-05-11 10:35:00-04:00,738.6099853515625,18.18000030517578
2026-05-11 10:40:00-04:00,738.9400024414062,18.139999389648438
2026-05-11 10:45:00-04:00,739.0549926757812,18.139999389648438
2026-05-11 10:50:00-04:00,739.7899780273438,18.049999237060547
2026-05-11 10:55:00-04:00,739.6500244140625,18.059999465942383
2026-05-11 11:00:00-04:00,739.6099853515625,18.059999465942383
2026-05-11 11:05:00-04:00,739.6099853515625,18.020000457763672
2026-05-11 11:10:00-04:00,739.1199951171875,18.020000457763672
2026-05-11 11:15:00-04:00,739.469970703125,17.969999313354492
2026-05-11 11:20:00-04:00,739.77001953125,17.940000534057617
2026-05-11 11:25:00-04:00,740.0706787109375,17.90999984741211
2026-05-11 11:30:00-04:00,739.9000244140625,17.93000030517578
2026-05-11 11:35:00-04:00,740.0700073242188,17.940000534057617
2026-05-11 11:40:00-04:00,739.8499755859375,17.940000534057617
2026-05-11 11:45:00-04:00,739.9299926757812,17.940000534057617
2026-05-11 11:50:00-04:00,740.1732177734375,17.920000076293945
2026-05-11 11:55:00-04:00,740.219970703125,17.940000534057617
2026-05-11 12:00:00-04:00,740.0900268554688,17.979999542236328
2026-05-11 12:05:00-04:00,740.0900268554688,17.959999084472656
2026-05-11 12:10:00-04:00,740.1300048828125,17.950000762939453
2026-05-11 12:15:00-04:00,740.0800170898438,17.979999542236328
2026-05-11 12:20:00-04:00,740.3049926757812,18.0
2026-05-11 12:25:00-04:00,740.3350219726562,18.0
2026-05-11 12:30:00-04:00,740.2899780273438,18.0
2026-05-11 12:35:00-04:00,740.0900268554688,17.969999313354492
2026-05-11 12:40:00-04:00,739.6599731445312,18.010000228881836
2026-05-11 12:45:00-04:00,739.530029296875,18.059999465942383
2026-05-11 12:50:00-04:00,739.3330078125,18.1200008392334
2026-05-11 12:55:00-04:00,739.3278198242188,18.110000610351562
2026-05-11 13:00:00-04:00,739.52001953125,18.100000381469727
2026-05-11 13:05:00-04:00,739.4500122070312,18.06999969482422
2026-05-11 13:10:00-04:00,739.0599975585938,18.100000381469727
2026-05-11 13:15:00-04:00,738.9550170898438,18.110000610351562
2026-05-11 13:20:00-04:00,739.60498046875,18.079999923706055
2026-05-11 13:25:00-04:00,739.8099975585938,18.059999465942383
2026-05-11 13:30:00-04:00,740.1467895507812,18.06999969482422
2026-05-11 13:35:00-04:00,740.2999877929688,18.110000610351562
2026-05-11 13:40:00-04:00,740.635009765625,18.09000015258789
2026-05-11 13:45:00-04:00,740.3499755859375,18.15999984741211
2026-05-11 13:50:00-04:00,740.239990234375,18.18000030517578
2026-05-11 13:55:00-04:00,740.2000122070312,18.15999984741211
2026-05-11 14:00:00-04:00,740.6099853515625,18.139999389648438
2026-05-11 14:05:00-04:00,740.5599975585938,18.139999389648438
2026-05-11 14:10:00-04:00,740.3400268554688,18.1299991607666
2026-05-11 14:15:00-04:00,740.3099975585938,18.139999389648438
2026-05-11 14:20:00-04:00,740.2899780273438,18.139999389648438
2026-05-11 14:25:00-04:00,740.3400268554688,18.149999618530273
2026-05-11 14:30:00-04:00,740.0800170898438,18.18000030517578
2026-05-11 14:35:00-04:00,739.7899780273438,18.190000534057617
2026-05-11 14:40:00-04:00,739.77001953125,18.190000534057617
2026-05-11 14:45:00-04:00,739.510009765625,18.209999084472656
2026-05-11 14:50:00-04:00,739.3399047851562,18.229999542236328
2026-05-11 14:55:00-04:00,738.52001953125,18.280000686645508
2026-05-11 15:00:00-04:00,738.2899169921875,18.270000457763672
2026-05-11 15:05:00-04:00,738.9600219726562,18.25
2026-05-11 15:10:00-04:00,738.780029296875,18.309999465942383
2026-05-11 15:15:00-04:00,738.5900268554688,18.350000381469727
2026-05-11 15:20:00-04:00,738.405029296875,18.389999389648438
2026-05-11 15:25:00-04:00,738.489990234375,18.40999984741211
2026-05-11 15:30:00-04:00,738.6099853515625,18.40999984741211
2026-05-11 15:35:00-04:00,738.6199951171875,18.43000030517578
2026-05-11 15:40:00-04:00,738.1900024414062,18.459999084472656
2026-05-11 15:45:00-04:00,738.6099853515625,18.43000030517578
2026-05-11 15:50:00-04:00,738.8900146484375,18.389999389648438
2026-05-11 15:55:00-04:00,739.2000122070312,18.360000610351562
2026-05-12 09:30:00-04:00,736.3499755859375,18.68000030517578
2026-05-12 09:35:00-04:00,736.0900268554688,18.790000915527344
2026-05-12 09:40:00-04:00,736.719970703125,18.670000076293945
2026-05-12 09:45:00-04:00,735.780029296875,18.690000534057617
2026-05-12 09:50:00-04:00,735.9099731445312,18.700000762939453
2026-05-12 09:55:00-04:00,735.1099853515625,18.84000015258789
2026-05-12 10:00:00-04:00,735.0999755859375,18.850000381469727
2026-05-12 10:05:00-04:00,735.3200073242188,18.790000915527344
2026-05-12 10:10:00-04:00,736.1099853515625,18.719999313354492
2026-05-12 10:15:00-04:00,736.219970703125,18.68000030517578
2026-05-12 10:20:00-04:00,735.5744018554688,18.700000762939453
2026-05-12 10:25:00-04:00,734.9199829101562,18.75
2026-05-12 10:30:00-04:00,734.0499877929688,18.920000076293945
2026-05-12 10:35:00-04:00,734.6400146484375,18.790000915527344
2026-05-12 10:40:00-04:00,734.5999755859375,18.770000457763672
2026-05-12 10:45:00-04:00,734.0999755859375,18.84000015258789
2026-05-12 10:50:00-04:00,734.0198974609375,18.829999923706055
2026-05-12 10:55:00-04:00,733.7899780273438,18.889999389648438
2026-05-12 11:00:00-04:00,733.469970703125,18.90999984741211
2026-05-12 11:05:00-04:00,733.989990234375,18.84000015258789
2026-05-12 11:10:00-04:00,733.239990234375,18.899999618530273
2026-05-12 11:15:00-04:00,732.9500122070312,18.940000534057617
2026-05-12 11:20:00-04:00,732.0900268554688,19.040000915527344
2026-05-12 11:25:00-04:00,732.3200073242188,19.06999969482422
2026-05-12 11:30:00-04:00,732.8699951171875,18.969999313354492
2026-05-12 11:35:00-04:00,733.1043090820312,18.889999389648438
2026-05-12 11:40:00-04:00,733.530029296875,18.829999923706055
2026-05-12 11:45:00-04:00,733.3400268554688,18.850000381469727
2026-05-12 11:50:00-04:00,733.1199951171875,18.850000381469727
2026-05-12 11:55:00-04:00,732.489990234375,18.950000762939453
2026-05-12 12:00:00-04:00,733.22998046875,18.829999923706055
2026-05-12 12:05:00-04:00,732.780029296875,18.81999969482422
2026-05-12 12:10:00-04:00,733.3499755859375,18.690000534057617
2026-05-12 12:15:00-04:00,733.010009765625,18.690000534057617
2026-05-12 12:20:00-04:00,732.8400268554688,18.739999771118164
2026-05-12 12:25:00-04:00,732.739990234375,18.68000030517578
2026-05-12 12:30:00-04:00,732.5499877929688,18.690000534057617
2026-05-12 12:35:00-04:00,732.7999877929688,18.600000381469727
2026-05-12 12:40:00-04:00,732.4199829101562,18.639999389648438
2026-05-12 12:45:00-04:00,732.1199951171875,18.649999618530273
2026-05-12 12:50:00-04:00,732.0,18.670000076293945
2026-05-12 12:55:00-04:00,732.10498046875,18.639999389648438
2026-05-12 13:00:00-04:00,732.8599853515625,18.530000686645508
2026-05-12 13:05:00-04:00,733.010009765625,18.5
2026-05-12 13:10:00-04:00,733.2999877929688,18.469999313354492
2026-05-12 13:15:00-04:00,734.0700073242188,18.350000381469727
2026-05-12 13:20:00-04:00,734.5349731445312,18.34000015258789
2026-05-12 13:25:00-04:00,734.3499755859375,18.350000381469727
2026-05-12 13:30:00-04:00,734.9199829101562,18.309999465942383
2026-05-12 13:35:00-04:00,734.630126953125,18.309999465942383
2026-05-12 13:40:00-04:00,734.7650146484375,18.280000686645508
2026-05-12 13:45:00-04:00,734.6699829101562,18.299999237060547
2026-05-12 13:50:00-04:00,735.1099853515625,18.25
2026-05-12 13:55:00-04:00,735.0599975585938,18.209999084472656
2026-05-12 14:00:00-04:00,735.1699829101562,18.200000762939453
2026-05-12 14:05:00-04:00,734.9400024414062,18.25
2026-05-12 14:10:00-04:00,735.0850219726562,18.239999771118164
2026-05-12 14:15:00-04:00,735.219970703125,18.170000076293945
2026-05-12 14:20:00-04:00,735.77001953125,18.110000610351562
2026-05-12 14:25:00-04:00,736.1849975585938,18.100000381469727
2026-05-12 14:30:00-04:00,736.1199951171875,18.110000610351562
2026-05-12 14:35:00-04:00,736.0900268554688,18.100000381469727
2026-05-12 14:40:00-04:00,736.22998046875,18.079999923706055
2026-05-12 14:45:00-04:00,736.0750122070312,18.100000381469727
2026-05-12 14:50:00-04:00,736.2000122070312,18.079999923706055
2026-05-12 14:55:00-04:00,736.0,18.110000610351562
2026-05-12 15:00:00-04:00,736.260009765625,18.09000015258789
2026-05-12 15:05:00-04:00,736.47998046875,18.059999465942383
2026-05-12 15:10:00-04:00,737.1199951171875,17.950000762939453
2026-05-12 15:15:00-04:00,736.97998046875,18.010000228881836
2026-05-12 15:20:00-04:00,736.9799194335938,18.030000686645508
2026-05-12 15:25:00-04:00,737.0800170898438,18.030000686645508
2026-05-12 15:30:00-04:00,737.8800048828125,17.959999084472656
2026-05-12 15:35:00-04:00,737.7899780273438,18.010000228881836
2026-05-12 15:40:00-04:00,737.9600830078125,18.030000686645508
2026-05-12 15:45:00-04:00,738.0499877929688,18.09000015258789
2026-05-12 15:50:00-04:00,738.3400268554688,17.989999771118164
2026-05-12 15:55:00-04:00,738.2000122070312,17.940000534057617
2026-05-13 09:30:00-04:00,737.6187744140625,18.229999542236328
2026-05-13 09:35:00-04:00,736.7899780273438,18.31999969482422
2026-05-13 09:40:00-04:00,736.8800048828125,18.260000228881836
2026-05-13 09:45:00-04:00,736.340087890625,18.270000457763672
2026-05-13 09:50:00-04:00,736.969970703125,18.170000076293945
2026-05-13 09:55:00-04:00,736.9000244140625,18.09000015258789
2026-05-13 10:00:00-04:00,737.1950073242188,18.139999389648438
2026-05-13 10:05:00-04:00,737.114990234375,18.170000076293945
2026-05-13 10:10:00-04:00,737.5800170898438,18.1299991607666
2026-05-13 10:15:00-04:00,737.3079223632812,18.18000030517578
2026-05-13 10:20:00-04:00,738.4022827148438,18.0
2026-05-13 10:25:00-04:00,738.3049926757812,18.040000915527344
2026-05-13 10:30:00-04:00,738.6500244140625,18.010000228881836
2026-05-13 10:35:00-04:00,737.9600219726562,18.079999923706055
2026-05-13 10:40:00-04:00,738.4000244140625,18.0
2026-05-13 10:45:00-04:00,738.47998046875,18.0
2026-05-13 10:50:00-04:00,738.8900146484375,17.940000534057617
2026-05-13 10:55:00-04:00,738.8300170898438,18.0
2026-05-13 11:00:00-04:00,739.1699829101562,17.959999084472656
2026-05-13 11:05:00-04:00,739.114990234375,17.979999542236328
2026-05-13 11:10:00-04:00,738.9400024414062,18.020000457763672
2026-05-13 11:15:00-04:00,739.27001953125,18.010000228881836
2026-05-13 11:20:00-04:00,739.219970703125,18.030000686645508
2026-05-13 11:25:00-04:00,739.2899780273438,18.040000915527344
2026-05-13 11:30:00-04:00,739.5900268554688,18.010000228881836
2026-05-13 11:35:00-04:00,739.7899780273438,18.040000915527344
2026-05-13 11:40:00-04:00,740.1063842773438,18.06999969482422
2026-05-13 11:45:00-04:00,739.8900146484375,18.110000610351562
2026-05-13 11:50:00-04:00,739.9400024414062,18.100000381469727
2026-05-13 11:55:00-04:00,739.739990234375,18.100000381469727
2026-05-13 12:00:00-04:00,740.1799926757812,18.049999237060547
2026-05-13 12:05:00-04:00,740.3300170898438,18.040000915527344
2026-05-13 12:10:00-04:00,740.6500244140625,18.049999237060547
2026-05-13 12:15:00-04:00,740.7100219726562,18.100000381469727
2026-05-13 12:20:00-04:00,741.655029296875,18.040000915527344
2026-05-13 12:25:00-04:00,741.7249755859375,18.06999969482422
2026-05-13 12:30:00-04:00,741.7249755859375,18.059999465942383
2026-05-13 12:35:00-04:00,741.7100219726562,18.059999465942383
2026-05-13 12:40:00-04:00,741.6199951171875,18.020000457763672
2026-05-13 12:45:00-04:00,741.5599975585938,18.020000457763672
2026-05-13 12:50:00-04:00,741.8499755859375,17.950000762939453
2026-05-13 12:55:00-04:00,742.0399780273438,17.979999542236328
2026-05-13 13:00:00-04:00,742.4099731445312,17.969999313354492
2026-05-13 13:05:00-04:00,742.7100219726562,17.979999542236328
2026-05-13 13:10:00-04:00,742.6300048828125,17.979999542236328
2026-05-13 13:15:00-04:00,742.47998046875,18.0
2026-05-13 13:20:00-04:00,742.364990234375,18.010000228881836
2026-05-13 13:25:00-04:00,742.6199951171875,17.979999542236328
2026-05-13 13:30:00-04:00,742.2899780273438,17.959999084472656
2026-05-13 13:35:00-04:00,742.4000244140625,17.889999389648438
2026-05-13 13:40:00-04:00,742.614990234375,17.8799991607666
2026-05-13 13:45:00-04:00,742.5800170898438,17.889999389648438
2026-05-13 13:50:00-04:00,742.5399780273438,17.8700008392334
2026-05-13 13:55:00-04:00,742.135009765625,17.889999389648438
2026-05-13 14:00:00-04:00,742.7100219726562,17.81999969482422
2026-05-13 14:05:00-04:00,742.7899780273438,17.809999465942383
2026-05-13 14:10:00-04:00,743.307373046875,17.799999237060547
2026-05-13 14:15:00-04:00,743.619873046875,17.829999923706055
2026-05-13 14:20:00-04:00,743.6900024414062,17.790000915527344
2026-05-13 14:25:00-04:00,743.530029296875,17.809999465942383
2026-05-13 14:30:00-04:00,743.3400268554688,17.799999237060547
2026-05-13 14:35:00-04:00,743.0900268554688,17.809999465942383
2026-05-13 14:40:00-04:00,742.8201293945312,17.829999923706055
2026-05-13 14:45:00-04:00,743.0499877929688,17.81999969482422
2026-05-13 14:50:00-04:00,743.2100219726562,17.790000915527344
2026-05-13 14:55:00-04:00,742.6500244140625,17.81999969482422
2026-05-13 15:00:00-04:00,743.1099853515625,17.84000015258789
2026-05-13 15:05:00-04:00,743.3109130859375,17.860000610351562
2026-05-13 15:10:00-04:00,743.5499877929688,17.84000015258789
2026-05-13 15:15:00-04:00,743.6199951171875,17.84000015258789
2026-05-13 15:20:00-04:00,743.1099853515625,17.860000610351562
2026-05-13 15:25:00-04:00,743.489990234375,17.84000015258789
2026-05-13 15:30:00-04:00,743.1950073242188,17.81999969482422
2026-05-13 15:35:00-04:00,743.375,17.780000686645508
2026-05-13 15:40:00-04:00,743.4550170898438,17.770000457763672
2026-05-13 15:45:00-04:00,743.3900146484375,17.790000915527344
2026-05-13 15:50:00-04:00,742.4600219726562,17.860000610351562
2026-05-13 15:55:00-04:00,742.3049926757812,17.8700008392334
2026-05-14 09:30:00-04:00,744.8099975585938,17.899999618530273
2026-05-14 09:35:00-04:00,745.3099975585938,17.940000534057617
2026-05-14 09:40:00-04:00,745.4149780273438,17.979999542236328
2026-05-14 09:45:00-04:00,745.69970703125,18.0
2026-05-14 09:50:00-04:00,745.02001953125,17.940000534057617
2026-05-14 09:55:00-04:00,744.4299926757812,17.940000534057617
2026-05-14 10:00:00-04:00,745.2999877929688,17.8700008392334
2026-05-14 10:05:00-04:00,745.0549926757812,17.8799991607666
2026-05-14 10:10:00-04:00,745.510009765625,17.90999984741211
2026-05-14 10:15:00-04:00,746.0474853515625,17.969999313354492
2026-05-14 10:20:00-04:00,745.9299926757812,18.049999237060547
2026-05-14 10:25:00-04:00,745.9600219726562,18.049999237060547
2026-05-14 10:30:00-04:00,745.989990234375,18.049999237060547
2026-05-14 10:35:00-04:00,746.6375122070312,17.959999084472656
2026-05-14 10:40:00-04:00,746.969970703125,17.950000762939453
2026-05-14 10:45:00-04:00,747.2249755859375,17.969999313354492
2026-05-14 10:50:00-04:00,747.3150024414062,17.979999542236328
2026-05-14 10:55:00-04:00,747.1799926757812,18.0
2026-05-14 11:00:00-04:00,747.5900268554688,17.969999313354492
2026-05-14 11:05:00-04:00,747.7600708007812,17.920000076293945
2026-05-14 11:10:00-04:00,748.0399780273438,17.8700008392334
2026-05-14 11:15:00-04:00,748.4500122070312,17.90999984741211
2026-05-14 11:20:00-04:00,748.489990234375,17.90999984741211
2026-05-14 11:25:00-04:00,748.510498046875,17.889999389648438
2026-05-14 11:30:00-04:00,748.6500244140625,17.899999618530273
2026-05-14 11:35:00-04:00,748.4650268554688,17.8799991607666
2026-05-14 11:40:00-04:00,748.780029296875,17.84000015258789
2026-05-14 11:45:00-04:00,748.7860717773438,17.81999969482422
2026-05-14 11:50:00-04:00,748.6900024414062,17.81999969482422
2026-05-14 11:55:00-04:00,749.2650146484375,17.81999969482422
2026-05-14 12:00:00-04:00,749.4199829101562,17.850000381469727
2026-05-14 12:05:00-04:00,749.1900024414062,17.8700008392334
2026-05-14 12:10:00-04:00,748.9500122070312,17.809999465942383
2026-05-14 12:15:00-04:00,749.030029296875,17.829999923706055
2026-05-14 12:20:00-04:00,748.6699829101562,17.780000686645508
2026-05-14 12:25:00-04:00,748.0,17.739999771118164
2026-05-14 12:30:00-04:00,747.6300048828125,17.719999313354492
2026-05-14 12:35:00-04:00,748.1199951171875,17.700000762939453
2026-05-14 12:40:00-04:00,747.8499755859375,17.709999084472656
2026-05-14 12:45:00-04:00,748.030029296875,17.649999618530273
2026-05-14 12:50:00-04:00,747.760009765625,17.6299991607666
2026-05-14 12:55:00-04:00,747.8289794921875,17.600000381469727
2026-05-14 13:00:00-04:00,748.1599731445312,17.559999465942383
2026-05-14 13:05:00-04:00,747.4400024414062,17.59000015258789
2026-05-14 13:10:00-04:00,747.0599975585938,17.600000381469727
2026-05-14 13:15:00-04:00,746.47998046875,17.670000076293945
2026-05-14 13:20:00-04:00,746.7050170898438,17.579999923706055
2026-05-14 13:25:00-04:00,746.9099731445312,17.549999237060547
2026-05-14 13:30:00-04:00,747.0700073242188,17.469999313354492
2026-05-14 13:35:00-04:00,747.6799926757812,17.3700008392334
2026-05-14 13:40:00-04:00,747.7100219726562,17.350000381469727
2026-05-14 13:45:00-04:00,748.1500854492188,17.360000610351562
2026-05-14 13:50:00-04:00,747.9299926757812,17.389999389648438
2026-05-14 13:55:00-04:00,747.739990234375,17.399999618530273
2026-05-14 14:00:00-04:00,746.8699951171875,17.459999084472656
2026-05-14 14:05:00-04:00,747.3200073242188,17.459999084472656
2026-05-14 14:10:00-04:00,747.8099975585938,17.43000030517578
2026-05-14 14:15:00-04:00,748.2453002929688,17.420000076293945
2026-05-14 14:20:00-04:00,748.010009765625,17.5
2026-05-14 14:25:00-04:00,747.5599975585938,17.549999237060547
2026-05-14 14:30:00-04:00,747.780029296875,17.520000457763672
2026-05-14 14:35:00-04:00,747.7999877929688,17.520000457763672
2026-05-14 14:40:00-04:00,747.760009765625,17.489999771118164
2026-05-14 14:45:00-04:00,748.0250244140625,17.43000030517578
2026-05-14 14:50:00-04:00,747.9400024414062,17.280000686645508
2026-05-14 14:55:00-04:00,748.2999877929688,17.239999771118164
2026-05-14 15:00:00-04:00,748.47998046875,17.260000228881836
2026-05-14 15:05:00-04:00,748.5900268554688,17.270000457763672
2026-05-14 15:10:00-04:00,748.4199829101562,17.309999465942383
2026-05-14 15:15:00-04:00,748.4299926757812,17.31999969482422
2026-05-14 15:20:00-04:00,748.4299926757812,17.329999923706055
2026-05-14 15:25:00-04:00,748.0850219726562,17.309999465942383
2026-05-14 15:30:00-04:00,748.330078125,17.270000457763672
2026-05-14 15:35:00-04:00,748.4000854492188,17.299999237060547
2026-05-14 15:40:00-04:00,748.5206909179688,17.299999237060547
2026-05-14 15:45:00-04:00,748.3300170898438,17.329999923706055
2026-05-14 15:50:00-04:00,748.1649780273438,17.350000381469727
2026-05-14 15:55:00-04:00,748.0800170898438,17.329999923706055
2026-05-15 09:30:00-04:00,740.1699829101562,18.75
2026-05-15 09:35:00-04:00,739.1599731445312,18.770000457763672
2026-05-15 09:40:00-04:00,738.6599731445312,18.739999771118164
2026-05-15 09:45:00-04:00,739.6500244140625,18.6200008392334
2026-05-15 09:50:00-04:00,740.4349975585938,18.5
2026-05-15 09:55:00-04:00,739.1699829101562,18.700000762939453
2026-05-15 10:00:00-04:00,739.4099731445312,18.790000915527344
2026-05-15 10:05:00-04:00,739.6900024414062,18.790000915527344
2026-05-15 10:10:00-04:00,741.1199951171875,18.579999923706055
2026-05-15 10:15:00-04:00,741.989990234375,18.520000457763672
2026-05-15 10:20:00-04:00,741.885009765625,18.600000381469727
2026-05-15 10:25:00-04:00,741.1300048828125,18.709999084472656
2026-05-15 10:30:00-04:00,742.0900268554688,18.479999542236328
2026-05-15 10:35:00-04:00,741.8900146484375,18.350000381469727
2026-05-15 10:40:00-04:00,742.0499877929688,18.309999465942383
2026-05-15 10:45:00-04:00,741.10498046875,18.350000381469727
2026-05-15 10:50:00-04:00,741.4401245117188,18.389999389648438
2026-05-15 10:55:00-04:00,740.969970703125,18.350000381469727
2026-05-15 11:00:00-04:00,740.7849731445312,18.350000381469727
2026-05-15 11:05:00-04:00,741.3200073242188,18.25
2026-05-15 11:10:00-04:00,740.9000244140625,18.239999771118164
2026-05-15 11:15:00-04:00,741.25,18.100000381469727
2026-05-15 11:20:00-04:00,741.260009765625,18.040000915527344
2026-05-15 11:25:00-04:00,741.219970703125,18.059999465942383
2026-05-15 11:30:00-04:00,741.3599853515625,18.079999923706055
2026-05-15 11:35:00-04:00,741.0700073242188,18.139999389648438
2026-05-15 11:40:00-04:00,740.1380004882812,18.360000610351562
2026-05-15 11:45:00-04:00,739.9099731445312,18.459999084472656
2026-05-15 11:50:00-04:00,739.5399780273438,18.530000686645508
2026-05-15 11:55:00-04:00,740.2799072265625,18.40999984741211
2026-05-15 12:00:00-04:00,739.97998046875,18.440000534057617
2026-05-15 12:05:00-04:00,740.3499755859375,18.399999618530273
2026-05-15 12:10:00-04:00,740.4199829101562,18.3700008392334
2026-05-15 12:15:00-04:00,740.280029296875,18.3799991607666
2026-05-15 12:20:00-04:00,741.1500244140625,18.219999313354492
2026-05-15 12:25:00-04:00,741.3099975585938,18.190000534057617
2026-05-15 12:30:00-04:00,741.4099731445312,18.149999618530273
2026-05-15 12:35:00-04:00,741.3150024414062,18.1299991607666
2026-05-15 12:40:00-04:00,741.5599975585938,18.06999969482422
2026-05-15 12:45:00-04:00,741.3599853515625,18.040000915527344
2026-05-15 12:50:00-04:00,740.3800048828125,18.200000762939453
2026-05-15 12:55:00-04:00,740.9600219726562,18.149999618530273
2026-05-15 13:00:00-04:00,741.1099853515625,18.110000610351562
2026-05-15 13:05:00-04:00,741.5700073242188,18.010000228881836
2026-05-15 13:10:00-04:00,741.6599731445312,17.969999313354492
2026-05-15 13:15:00-04:00,741.780029296875,17.959999084472656
2026-05-15 13:20:00-04:00,742.489990234375,17.850000381469727
2026-05-15 13:25:00-04:00,742.5228271484375,17.829999923706055
2026-05-15 13:30:00-04:00,742.8200073242188,17.860000610351562
2026-05-15 13:35:00-04:00,742.6300048828125,17.90999984741211
2026-05-15 13:40:00-04:00,742.4299926757812,17.93000030517578
2026-05-15 13:45:00-04:00,742.3300170898438,17.969999313354492
2026-05-15 13:50:00-04:00,742.6784057617188,17.90999984741211
2026-05-15 13:55:00-04:00,742.9600219726562,17.920000076293945
2026-05-15 14:00:00-04:00,743.1099853515625,17.950000762939453
2026-05-15 14:05:00-04:00,743.030029296875,18.010000228881836
2026-05-15 14:10:00-04:00,743.0089721679688,18.040000915527344
2026-05-15 14:15:00-04:00,741.780029296875,18.260000228881836
2026-05-15 14:20:00-04:00,742.22998046875,18.059999465942383
2026-05-15 14:25:00-04:00,741.7100219726562,18.15999984741211
2026-05-15 14:30:00-04:00,740.8400268554688,18.25
2026-05-15 14:35:00-04:00,741.4899291992188,18.139999389648438
2026-05-15 14:40:00-04:00,741.385009765625,18.110000610351562
2026-05-15 14:45:00-04:00,741.2498779296875,18.020000457763672
2026-05-15 14:50:00-04:00,741.6699829101562,17.969999313354492
2026-05-15 14:55:00-04:00,741.6400146484375,17.940000534057617
2026-05-15 15:00:00-04:00,740.8709106445312,18.049999237060547
2026-05-15 15:05:00-04:00,740.7097778320312,18.06999969482422
2026-05-15 15:10:00-04:00,740.5800170898438,18.040000915527344
2026-05-15 15:15:00-04:00,740.4500122070312,18.010000228881836
2026-05-15 15:20:00-04:00,740.2050170898438,18.020000457763672
2026-05-15 15:25:00-04:00,740.1599731445312,18.049999237060547
2026-05-15 15:30:00-04:00,740.3400268554688,18.079999923706055
2026-05-15 15:35:00-04:00,740.6699829101562,18.049999237060547
2026-05-15 15:40:00-04:00,740.0399780273438,18.1299991607666
2026-05-15 15:45:00-04:00,740.25,18.1200008392334
2026-05-15 15:50:00-04:00,738.9400024414062,18.239999771118164
2026-05-15 15:55:00-04:00,739.0800170898438,18.260000228881836
2026-05-18 09:30:00-04:00,738.5499877929688,18.6299991607666
2026-05-18 09:35:00-04:00,738.7100219726562,18.760000228881836
2026-05-18 09:40:00-04:00,738.0399780273438,18.799999237060547
2026-05-18 09:45:00-04:00,738.869873046875,18.639999389648438
2026-05-18 09:50:00-04:00,740.8800048828125,18.3799991607666
2026-05-18 09:55:00-04:00,740.5700073242188,18.389999389648438
2026-05-18 10:00:00-04:00,739.1799926757812,18.610000610351562
2026-05-18 10:05:00-04:00,740.389892578125,18.3799991607666
2026-05-18 10:10:00-04:00,739.9349975585938,18.399999618530273
2026-05-18 10:15:00-04:00,740.5399780273438,18.290000915527344
2026-05-18 10:20:00-04:00,740.02001953125,18.34000015258789
2026-05-18 10:25:00-04:00,739.5,18.40999984741211
2026-05-18 10:30:00-04:00,737.4299926757812,18.770000457763672
2026-05-18 10:35:00-04:00,737.9299926757812,18.65999984741211
2026-05-18 10:40:00-04:00,738.2999877929688,18.530000686645508
2026-05-18 10:45:00-04:00,737.52001953125,18.59000015258789
2026-05-18 10:50:00-04:00,738.1699829101562,18.450000762939453
2026-05-18 10:55:00-04:00,738.2849731445312,18.450000762939453
2026-05-18 11:00:00-04:00,737.280029296875,18.610000610351562
2026-05-18 11:05:00-04:00,736.7899780273438,18.639999389648438
2026-05-18 11:10:00-04:00,737.22998046875,18.559999465942383
2026-05-18 11:15:00-04:00,736.3150024414062,18.709999084472656
2026-05-18 11:20:00-04:00,736.3499755859375,18.770000457763672
2026-05-18 11:25:00-04:00,735.6199951171875,18.790000915527344
2026-05-18 11:30:00-04:00,736.510009765625,18.709999084472656
2026-05-18 11:35:00-04:00,736.780029296875,18.639999389648438
2026-05-18 11:40:00-04:00,736.260009765625,18.670000076293945
2026-05-18 11:45:00-04:00,736.537109375,18.639999389648438
2026-05-18 11:50:00-04:00,736.9199829101562,18.610000610351562
2026-05-18 11:55:00-04:00,736.280029296875,18.649999618530273
2026-05-18 12:00:00-04:00,735.864990234375,18.690000534057617
2026-05-18 12:05:00-04:00,736.260009765625,18.6299991607666
2026-05-18 12:10:00-04:00,736.9600219726562,18.459999084472656
2026-05-18 12:15:00-04:00,737.2100219726562,18.34000015258789
2026-05-18 12:20:00-04:00,736.7509765625,18.40999984741211
2026-05-18 12:25:00-04:00,734.8300170898438,18.709999084472656
2026-05-18 12:30:00-04:00,735.4500122070312,18.579999923706055
2026-05-18 12:35:00-04:00,735.719970703125,18.540000915527344
2026-05-18 12:40:00-04:00,735.1400146484375,18.6299991607666
2026-05-18 12:45:00-04:00,735.469970703125,18.59000015258789
2026-05-18 12:50:00-04:00,736.7999877929688,18.3700008392334
2026-05-18 12:55:00-04:00,736.489990234375,18.399999618530273
2026-05-18 13:00:00-04:00,736.8900146484375,18.3799991607666
2026-05-18 13:05:00-04:00,737.0,18.34000015258789
2026-05-18 13:10:00-04:00,736.760009765625,18.360000610351562
2026-05-18 13:15:00-04:00,737.239990234375,18.299999237060547
2026-05-18 13:20:00-04:00,736.885009765625,18.34000015258789
2026-05-18 13:25:00-04:00,737.3599853515625,18.270000457763672
2026-05-18 13:30:00-04:00,736.8250122070312,18.329999923706055
2026-05-18 13:35:00-04:00,736.4299926757812,18.360000610351562
2026-05-18 13:40:00-04:00,736.8099975585938,18.280000686645508
2026-05-18 13:45:00-04:00,736.6799926757812,18.260000228881836
2026-05-18 13:50:00-04:00,736.969970703125,18.219999313354492
2026-05-18 13:55:00-04:00,737.030029296875,18.18000030517578
2026-05-18 14:00:00-04:00,735.8599853515625,18.40999984741211
2026-05-18 14:05:00-04:00,735.5750122070312,18.450000762939453
2026-05-18 14:10:00-04:00,735.0599975585938,18.5
2026-05-18 14:15:00-04:00,734.4600219726562,18.670000076293945
2026-05-18 14:20:00-04:00,734.3200073242188,18.68000030517578
2026-05-18 14:25:00-04:00,734.7100219726562,18.649999618530273
2026-05-18 14:30:00-04:00,734.780029296875,18.59000015258789
2026-05-18 14:35:00-04:00,734.3800048828125,18.6299991607666
2026-05-18 14:40:00-04:00,734.5700073242188,18.6200008392334
2026-05-18 14:45:00-04:00,733.9299926757812,18.690000534057617
2026-05-18 14:50:00-04:00,733.719970703125,18.729999542236328
2026-05-18 14:55:00-04:00,733.6699829101562,18.739999771118164
2026-05-18 15:00:00-04:00,736.4099731445312,18.360000610351562
2026-05-18 15:05:00-04:00,736.2999877929688,18.40999984741211
2026-05-18 15:10:00-04:00,736.0599975585938,18.389999389648438
2026-05-18 15:15:00-04:00,735.75,18.3799991607666
2026-05-18 15:20:00-04:00,735.2100830078125,18.43000030517578
2026-05-18 15:25:00-04:00,735.52001953125,18.450000762939453
2026-05-18 15:30:00-04:00,736.0800170898438,18.329999923706055
2026-05-18 15:35:00-04:00,736.97998046875,18.15999984741211
2026-05-18 15:40:00-04:00,737.760009765625,18.059999465942383
2026-05-18 15:45:00-04:00,738.2899780273438,17.940000534057617
2026-05-18 15:50:00-04:00,738.4400024414062,17.81999969482422
2026-05-18 15:55:00-04:00,738.5599975585938,17.700000762939453
2026-05-19 09:30:00-04:00,734.5050048828125,18.049999237060547
2026-05-19 09:35:00-04:00,735.4000244140625,17.920000076293945
2026-05-19 09:40:00-04:00,733.5599975585938,18.190000534057617
2026-05-19 09:45:00-04:00,734.5900268554688,17.950000762939453
2026-05-19 09:50:00-04:00,735.7999877929688,17.75
2026-05-19 09:55:00-04:00,735.3200073242188,17.790000915527344
2026-05-19 10:00:00-04:00,734.989990234375,17.809999465942383
2026-05-19 10:05:00-04:00,733.3400268554688,17.989999771118164
2026-05-19 10:10:00-04:00,732.9199829101562,17.979999542236328
2026-05-19 10:15:00-04:00,732.530029296875,18.010000228881836
2026-05-19 10:20:00-04:00,732.719970703125,17.989999771118164
2026-05-19 10:25:00-04:00,732.4199829101562,18.059999465942383
2026-05-19 10:30:00-04:00,732.27001953125,18.030000686645508
2026-05-19 10:35:00-04:00,733.0050048828125,17.899999618530273
2026-05-19 10:40:00-04:00,732.760009765625,17.920000076293945
2026-05-19 10:45:00-04:00,731.9500122070312,18.1299991607666
2026-05-19 10:50:00-04:00,731.9000244140625,18.31999969482422
2026-05-19 10:55:00-04:00,733.1599731445312,18.200000762939453
2026-05-19 11:00:00-04:00,733.3900146484375,18.110000610351562
2026-05-19 11:05:00-04:00,733.260009765625,18.139999389648438
2026-05-19 11:10:00-04:00,733.5595092773438,18.06999969482422
2026-05-19 11:15:00-04:00,733.010009765625,18.059999465942383
2026-05-19 11:20:00-04:00,732.030029296875,18.209999084472656
2026-05-19 11:25:00-04:00,732.22998046875,18.209999084472656
2026-05-19 11:30:00-04:00,732.6500244140625,18.100000381469727
2026-05-19 11:35:00-04:00,733.405029296875,18.010000228881836
2026-05-19 11:40:00-04:00,733.5499877929688,17.959999084472656
2026-05-19 11:45:00-04:00,733.8800048828125,17.920000076293945
2026-05-19 11:50:00-04:00,733.3800048828125,17.989999771118164
2026-05-19 11:55:00-04:00,732.989990234375,18.06999969482422
2026-05-19 12:00:00-04:00,733.6400146484375,17.989999771118164
2026-05-19 12:05:00-04:00,732.6300048828125,18.079999923706055
2026-05-19 12:10:00-04:00,732.7750244140625,18.15999984741211
2026-05-19 12:15:00-04:00,733.6799926757812,18.040000915527344
2026-05-19 12:20:00-04:00,734.0700073242188,17.969999313354492
2026-05-19 12:25:00-04:00,734.489990234375,17.889999389648438
2026-05-19 12:30:00-04:00,734.85498046875,17.850000381469727
2026-05-19 12:35:00-04:00,735.0499877929688,17.829999923706055
2026-05-19 12:40:00-04:00,735.4400024414062,17.809999465942383
2026-05-19 12:45:00-04:00,735.5,17.809999465942383
2026-05-19 12:50:00-04:00,736.02001953125,17.770000457763672
2026-05-19 12:55:00-04:00,736.1199951171875,17.780000686645508
2026-05-19 13:00:00-04:00,736.6300048828125,17.780000686645508
2026-05-19 13:05:00-04:00,736.6199951171875,17.829999923706055
2026-05-19 13:10:00-04:00,736.8800048828125,17.84000015258789
2026-05-19 13:15:00-04:00,737.280029296875,17.93000030517578
2026-05-19 13:20:00-04:00,737.5,17.959999084472656
2026-05-19 13:25:00-04:00,736.97998046875,17.950000762939453
2026-05-19 13:30:00-04:00,736.77001953125,17.979999542236328
2026-05-19 13:35:00-04:00,737.219970703125,17.950000762939453
2026-05-19 13:40:00-04:00,737.1199951171875,17.950000762939453
2026-05-19 13:45:00-04:00,736.72998046875,18.010000228881836
2026-05-19 13:50:00-04:00,736.4500122070312,18.030000686645508
2026-05-19 13:55:00-04:00,736.77001953125,17.950000762939453
2026-05-19 14:00:00-04:00,736.9099731445312,17.920000076293945
2026-05-19 14:05:00-04:00,737.1099853515625,17.899999618530273
2026-05-19 14:10:00-04:00,736.99462890625,17.889999389648438
2026-05-19 14:15:00-04:00,736.8099975585938,17.93000030517578
2026-05-19 14:20:00-04:00,736.25,17.940000534057617
2026-05-19 14:25:00-04:00,735.8800048828125,18.010000228881836
2026-05-19 14:30:00-04:00,736.0700073242188,18.06999969482422
2026-05-19 14:35:00-04:00,735.6950073242188,18.049999237060547
2026-05-19 14:40:00-04:00,735.8499755859375,17.989999771118164
2026-05-19 14:45:00-04:00,735.6749877929688,17.979999542236328
2026-05-19 14:50:00-04:00,734.8900146484375,18.049999237060547
2026-05-19 14:55:00-04:00,734.4500122070312,18.079999923706055
2026-05-19 15:00:00-04:00,734.5599975585938,18.030000686645508
2026-05-19 15:05:00-04:00,735.239990234375,17.920000076293945
2026-05-19 15:10:00-04:00,736.010009765625,17.850000381469727
2026-05-19 15:15:00-04:00,735.3400268554688,17.93000030517578
2026-05-19 15:20:00-04:00,734.2100219726562,18.09000015258789
2026-05-19 15:25:00-04:00,734.77001953125,18.049999237060547
2026-05-19 15:30:00-04:00,734.3099975585938,18.06999969482422
2026-05-19 15:35:00-04:00,734.1699829101562,18.09000015258789
2026-05-19 15:40:00-04:00,733.8599853515625,18.1200008392334
2026-05-19 15:45:00-04:00,733.7999877929688,18.09000015258789
2026-05-19 15:50:00-04:00,732.844970703125,18.15999984741211
2026-05-19 15:55:00-04:00,733.7899780273438,18.06999969482422
2026-05-20 09:30:00-04:00,735.6400146484375,18.049999237060547
2026-05-20 09:35:00-04:00,734.8900146484375,18.010000228881836
2026-05-20 09:40:00-04:00,735.97998046875,17.8799991607666
2026-05-20 09:45:00-04:00,736.0230102539062,17.90999984741211
2026-05-20 09:50:00-04:00,735.989990234375,17.889999389648438
2026-05-20 09:55:00-04:00,736.1300048828125,17.829999923706055
2026-05-20 10:00:00-04:00,735.1699829101562,17.93000030517578
2026-05-20 10:05:00-04:00,734.7449951171875,17.969999313354492
2026-05-20 10:10:00-04:00,735.2999877929688,17.940000534057617
2026-05-20 10:15:00-04:00,737.3200073242188,17.700000762939453
2026-05-20 10:20:00-04:00,736.8699951171875,17.75
2026-05-20 10:25:00-04:00,737.8900146484375,17.670000076293945
2026-05-20 10:30:00-04:00,738.1900024414062,17.6299991607666
2026-05-20 10:35:00-04:00,737.9400024414062,17.700000762939453
2026-05-20 10:40:00-04:00,738.2999877929688,17.729999542236328
2026-05-20 10:45:00-04:00,738.010009765625,17.81999969482422
2026-05-20 10:50:00-04:00,738.719970703125,17.770000457763672
2026-05-20 10:55:00-04:00,739.2000122070312,17.729999542236328
2026-05-20 11:00:00-04:00,738.8200073242188,17.799999237060547
2026-05-20 11:05:00-04:00,738.8300170898438,17.829999923706055
2026-05-20 11:10:00-04:00,738.7999877929688,17.84000015258789
2026-05-20 11:15:00-04:00,740.3800048828125,17.610000610351562
2026-05-20 11:20:00-04:00,740.1300048828125,17.68000030517578
2026-05-20 11:25:00-04:00,739.2949829101562,17.709999084472656
2026-05-20 11:30:00-04:00,739.9299926757812,17.6200008392334
2026-05-20 11:35:00-04:00,739.9199829101562,17.6200008392334
2026-05-20 11:40:00-04:00,740.3150024414062,17.639999389648438
2026-05-20 11:45:00-04:00,740.7266235351562,17.639999389648438
2026-05-20 11:50:00-04:00,740.7100219726562,17.649999618530273
2026-05-20 11:55:00-04:00,740.239990234375,17.700000762939453
2026-05-20 12:00:00-04:00,740.260009765625,17.719999313354492
2026-05-20 12:05:00-04:00,740.1820068359375,17.719999313354492
2026-05-20 12:10:00-04:00,740.0800170898438,17.75
2026-05-20 12:15:00-04:00,739.6799926757812,17.790000915527344
2026-05-20 12:20:00-04:00,739.2100219726562,17.790000915527344
2026-05-20 12:25:00-04:00,738.9299926757812,17.850000381469727
2026-05-20 12:30:00-04:00,738.6900024414062,17.8700008392334
2026-05-20 12:35:00-04:00,738.8499755859375,17.81999969482422
2026-05-20 12:40:00-04:00,739.9400024414062,17.739999771118164
2026-05-20 12:45:00-04:00,739.1199951171875,17.770000457763672
2026-05-20 12:50:00-04:00,739.4400024414062,17.739999771118164
2026-05-20 12:55:00-04:00,739.364990234375,17.700000762939453
2026-05-20 13:00:00-04:00,739.0999755859375,17.729999542236328
2026-05-20 13:05:00-04:00,739.02001953125,17.709999084472656
2026-05-20 13:10:00-04:00,739.6699829101562,17.670000076293945
2026-05-20 13:15:00-04:00,739.72900390625,17.649999618530273
2026-05-20 13:20:00-04:00,739.6400146484375,17.649999618530273
2026-05-20 13:25:00-04:00,740.155029296875,17.579999923706055
2026-05-20 13:30:00-04:00,740.0,17.56999969482422
2026-05-20 13:35:00-04:00,740.4400024414062,17.540000915527344
2026-05-20 13:40:00-04:00,740.2575073242188,17.540000915527344
2026-05-20 13:45:00-04:00,740.1400146484375,17.520000457763672
2026-05-20 13:50:00-04:00,739.6699829101562,17.549999237060547
2026-05-20 13:55:00-04:00,739.8499755859375,17.549999237060547
2026-05-20 14:00:00-04:00,740.1099853515625,17.489999771118164
2026-05-20 14:05:00-04:00,740.0700073242188,17.459999084472656
2026-05-20 14:10:00-04:00,740.0650024414062,17.469999313354492
2026-05-20 14:15:00-04:00,740.1099853515625,17.5
2026-05-20 14:20:00-04:00,739.7249755859375,17.549999237060547
2026-05-20 14:25:00-04:00,740.0800170898438,17.530000686645508
2026-05-20 14:30:00-04:00,740.3800048828125,17.489999771118164
2026-05-20 14:35:00-04:00,740.717529296875,17.459999084472656
2026-05-20 14:40:00-04:00,739.780029296875,17.5
2026-05-20 14:45:00-04:00,740.1099853515625,17.530000686645508
2026-05-20 14:50:00-04:00,740.0700073242188,17.510000228881836
2026-05-20 14:55:00-04:00,740.1649780273438,17.440000534057617
2026-05-20 15:00:00-04:00,740.22998046875,17.43000030517578
2026-05-20 15:05:00-04:00,740.1900024414062,17.469999313354492
2026-05-20 15:10:00-04:00,740.5399780273438,17.450000762939453
2026-05-20 15:15:00-04:00,740.6900024414062,17.43000030517578
2026-05-20 15:20:00-04:00,740.7449951171875,17.43000030517578
2026-05-20 15:25:00-04:00,740.8200073242188,17.399999618530273
2026-05-20 15:30:00-04:00,740.8900146484375,17.420000076293945
2026-05-20 15:35:00-04:00,741.4099731445312,17.3799991607666
2026-05-20 15:40:00-04:00,741.239990234375,17.399999618530273
2026-05-20 15:45:00-04:00,741.0850219726562,17.389999389648438
2026-05-20 15:50:00-04:00,740.97998046875,17.350000381469727
2026-05-20 15:55:00-04:00,741.25,17.3799991607666
2026-05-21 09:30:00-04:00,738.5599975585938,17.719999313354492
2026-05-21 09:35:00-04:00,737.6799926757812,17.75
2026-05-21 09:40:00-04:00,737.6500244140625,17.700000762939453
2026-05-21 09:45:00-04:00,737.5800170898438,17.6200008392334
2026-05-21 09:50:00-04:00,739.6300048828125,17.389999389648438
2026-05-21 09:55:00-04:00,739.7899780273438,17.399999618530273
2026-05-21 10:00:00-04:00,740.0598754882812,17.3799991607666
2026-05-21 10:05:00-04:00,740.3900146484375,17.389999389648438
2026-05-21 10:10:00-04:00,739.4400024414062,17.510000228881836
2026-05-21 10:15:00-04:00,738.2349853515625,17.600000381469727
2026-05-21 10:20:00-04:00,737.8800048828125,17.700000762939453
2026-05-21 10:25:00-04:00,738.5050048828125,17.6299991607666
2026-05-21 10:30:00-04:00,738.4600219726562,17.6299991607666
2026-05-21 10:35:00-04:00,738.9199829101562,17.540000915527344
2026-05-21 10:40:00-04:00,738.5900268554688,17.610000610351562
2026-05-21 10:45:00-04:00,738.1099853515625,17.6299991607666
2026-05-21 10:50:00-04:00,738.5900268554688,17.579999923706055
2026-05-21 10:55:00-04:00,738.9099731445312,17.5
2026-05-21 11:00:00-04:00,738.510009765625,17.479999542236328
2026-05-21 11:05:00-04:00,737.6699829101562,17.579999923706055
2026-05-21 11:10:00-04:00,738.9349975585938,17.360000610351562
2026-05-21 11:15:00-04:00,738.989990234375,17.350000381469727
2026-05-21 11:20:00-04:00,738.8699951171875,17.31999969482422
2026-05-21 11:25:00-04:00,738.7999877929688,17.34000015258789
2026-05-21 11:30:00-04:00,738.0,17.43000030517578
2026-05-21 11:35:00-04:00,738.9500122070312,17.309999465942383
2026-05-21 11:40:00-04:00,739.1199951171875,17.299999237060547
2026-05-21 11:45:00-04:00,739.6900024414062,17.229999542236328
2026-05-21 11:50:00-04:00,739.5700073242188,17.229999542236328
2026-05-21 11:55:00-04:00,739.2999877929688,17.290000915527344
2026-05-21 12:00:00-04:00,739.760009765625,17.239999771118164
2026-05-21 12:05:00-04:00,739.9299926757812,17.190000534057617
2026-05-21 12:10:00-04:00,739.4400024414062,17.239999771118164
2026-05-21 12:15:00-04:00,739.1749877929688,17.260000228881836
2026-05-21 12:20:00-04:00,738.8099975585938,17.270000457763672
2026-05-21 12:25:00-04:00,738.7999877929688,17.25
2026-05-21 12:30:00-04:00,739.0499877929688,17.209999084472656
2026-05-21 12:35:00-04:00,738.7100219726562,17.239999771118164
2026-05-21 12:40:00-04:00,738.9000244140625,17.200000762939453
2026-05-21 12:45:00-04:00,738.469970703125,17.239999771118164
2026-05-21 12:50:00-04:00,738.6099853515625,17.18000030517578
2026-05-21 12:55:00-04:00,738.9000244140625,17.1200008392334
2026-05-21 13:00:00-04:00,739.0700073242188,17.09000015258789
2026-05-21 13:05:00-04:00,739.0900268554688,17.059999465942383
2026-05-21 13:10:00-04:00,740.4500122070312,16.989999771118164
2026-05-21 13:15:00-04:00,741.760009765625,16.860000610351562
2026-05-21 13:20:00-04:00,741.97998046875,16.959999084472656
2026-05-21 13:25:00-04:00,742.1500244140625,16.920000076293945
2026-05-21 13:30:00-04:00,742.280029296875,16.940000534057617
2026-05-21 13:35:00-04:00,742.7899780273438,16.989999771118164
2026-05-21 13:40:00-04:00,743.5499877929688,17.0
2026-05-21 13:45:00-04:00,743.8300170898438,17.0
2026-05-21 13:50:00-04:00,744.5800170898438,16.959999084472656
2026-05-21 13:55:00-04:00,743.6799926757812,16.969999313354492
2026-05-21 14:00:00-04:00,742.969970703125,17.06999969482422
2026-05-21 14:05:00-04:00,743.489990234375,17.020000457763672
2026-05-21 14:10:00-04:00,742.8900146484375,17.020000457763672
2026-05-21 14:15:00-04:00,743.2003784179688,16.920000076293945
2026-05-21 14:20:00-04:00,743.5499877929688,16.8799991607666
2026-05-21 14:25:00-04:00,743.3400268554688,16.93000030517578
2026-05-21 14:30:00-04:00,743.2999877929688,16.940000534057617
2026-05-21 14:35:00-04:00,743.0900268554688,16.8799991607666
2026-05-21 14:40:00-04:00,743.52001953125,16.850000381469727
2026-05-21 14:45:00-04:00,742.3800048828125,17.0
2026-05-21 14:50:00-04:00,740.3599853515625,17.260000228881836
2026-05-21 14:55:00-04:00,741.0267944335938,17.170000076293945
2026-05-21 15:00:00-04:00,741.8499755859375,17.010000228881836
2026-05-21 15:05:00-04:00,742.4149780273438,16.989999771118164
2026-05-21 15:10:00-04:00,742.5100708007812,16.969999313354492
2026-05-21 15:15:00-04:00,742.7899780273438,16.93000030517578
2026-05-21 15:20:00-04:00,742.625,16.860000610351562
2026-05-21 15:25:00-04:00,742.6799926757812,16.760000228881836
2026-05-21 15:30:00-04:00,742.3800048828125,16.75
2026-05-21 15:35:00-04:00,742.7100219726562,16.709999084472656
2026-05-21 15:40:00-04:00,742.375,16.670000076293945
2026-05-21 15:45:00-04:00,742.5999755859375,16.670000076293945
2026-05-21 15:50:00-04:00,742.3099975585938,16.729999542236328
2026-05-21 15:55:00-04:00,742.75,16.68000030517578
2026-05-22 09:30:00-04:00,747.1900024414062,16.809999465942383
2026-05-22 09:35:00-04:00,747.7899780273438,16.75
2026-05-22 09:40:00-04:00,747.4168701171875,16.920000076293945
2026-05-22 09:45:00-04:00,747.4000244140625,16.90999984741211
2026-05-22 09:50:00-04:00,747.3300170898438,16.889999389648438
2026-05-22 09:55:00-04:00,747.5399780273438,16.84000015258789
2026-05-22 10:00:00-04:00,746.2100219726562,16.8799991607666
2026-05-22 10:05:00-04:00,746.1300048828125,16.84000015258789
2026-05-22 10:10:00-04:00,745.5599975585938,16.8799991607666
2026-05-22 10:15:00-04:00,745.4400024414062,16.8799991607666
2026-05-22 10:20:00-04:00,744.97998046875,16.8799991607666
2026-05-22 10:25:00-04:00,745.6900024414062,16.770000457763672
2026-05-22 10:30:00-04:00,745.9400024414062,16.690000534057617
2026-05-22 10:35:00-04:00,746.0399780273438,16.670000076293945
2026-05-22 10:40:00-04:00,746.3800048828125,16.649999618530273
2026-05-22 10:45:00-04:00,746.1599731445312,16.65999984741211
2026-05-22 10:50:00-04:00,746.22998046875,16.65999984741211
2026-05-22 10:55:00-04:00,746.489990234375,16.610000610351562
2026-05-22 11:00:00-04:00,746.7999877929688,16.6200008392334
2026-05-22 11:05:00-04:00,747.0499877929688,16.610000610351562
2026-05-22 11:10:00-04:00,747.030029296875,16.610000610351562
2026-05-22 11:15:00-04:00,747.4299926757812,16.579999923706055
2026-05-22 11:20:00-04:00,747.25,16.6200008392334
2026-05-22 11:25:00-04:00,747.8800048828125,16.559999465942383
2026-05-22 11:30:00-04:00,747.6199951171875,16.600000381469727
2026-05-22 11:35:00-04:00,747.6599731445312,16.6299991607666
2026-05-22 11:40:00-04:00,747.739990234375,16.600000381469727
2026-05-22 11:45:00-04:00,747.3599853515625,16.610000610351562
2026-05-22 11:50:00-04:00,747.60498046875,16.6200008392334
2026-05-22 11:55:00-04:00,747.6099853515625,16.610000610351562
2026-05-22 12:00:00-04:00,747.5700073242188,16.59000015258789
2026-05-22 12:05:00-04:00,747.3499755859375,16.59000015258789
2026-05-22 12:10:00-04:00,747.3900146484375,16.559999465942383
2026-05-22 12:15:00-04:00,746.9400024414062,16.600000381469727
2026-05-22 12:20:00-04:00,746.97998046875,16.579999923706055
2026-05-22 12:25:00-04:00,747.3800048828125,16.559999465942383
2026-05-22 12:30:00-04:00,747.02001953125,16.579999923706055
2026-05-22 12:35:00-04:00,747.010009765625,16.59000015258789
2026-05-22 12:40:00-04:00,747.030029296875,16.579999923706055
2026-05-22 12:45:00-04:00,747.1500244140625,16.530000686645508
2026-05-22 12:50:00-04:00,747.489990234375,16.5
2026-05-22 12:55:00-04:00,747.280029296875,16.510000228881836
2026-05-22 13:00:00-04:00,747.780029296875,16.5
2026-05-22 13:05:00-04:00,747.739990234375,16.520000457763672
2026-05-22 13:10:00-04:00,747.6500244140625,16.510000228881836
2026-05-22 13:15:00-04:00,746.8300170898438,16.530000686645508
2026-05-22 13:20:00-04:00,747.3800048828125,16.56999969482422
2026-05-22 13:25:00-04:00,748.7349853515625,17.389999389648438
2026-05-22 13:30:00-04:00,747.9799194335938,16.600000381469727
2026-05-22 13:35:00-04:00,748.2899780273438,16.579999923706055
2026-05-22 13:40:00-04:00,748.02001953125,16.579999923706055
2026-05-22 13:45:00-04:00,747.75,16.59000015258789
2026-05-22 13:50:00-04:00,747.3001098632812,16.579999923706055
2026-05-22 13:55:00-04:00,747.3699951171875,16.59000015258789
2026-05-22 14:00:00-04:00,747.1199951171875,16.610000610351562
2026-05-22 14:05:00-04:00,747.3400268554688,16.6200008392334
2026-05-22 14:10:00-04:00,747.2150268554688,16.639999389648438
2026-05-22 14:15:00-04:00,747.3101196289062,16.65999984741211
2026-05-22 14:20:00-04:00,747.52001953125,16.649999618530273
2026-05-22 14:25:00-04:00,747.3099975585938,16.600000381469727
2026-05-22 14:30:00-04:00,747.27001953125,16.579999923706055
2026-05-22 14:35:00-04:00,747.1900024414062,16.559999465942383
2026-05-22 14:40:00-04:00,747.3300170898438,16.549999237060547
2026-05-22 14:45:00-04:00,747.0800170898438,16.559999465942383
2026-05-22 14:50:00-04:00,747.3400268554688,16.530000686645508
2026-05-22 14:55:00-04:00,747.1199951171875,16.520000457763672
2026-05-22 15:00:00-04:00,746.5698852539062,16.579999923706055
2026-05-22 15:05:00-04:00,746.4849853515625,16.670000076293945
2026-05-22 15:10:00-04:00,746.3699951171875,16.700000762939453
2026-05-22 15:15:00-04:00,746.3599853515625,16.68000030517578
2026-05-22 15:20:00-04:00,746.1500244140625,16.739999771118164
2026-05-22 15:25:00-04:00,745.5800170898438,16.829999923706055
2026-05-22 15:30:00-04:00,745.8300170898438,16.829999923706055
2026-05-22 15:35:00-04:00,745.8599853515625,16.8799991607666
2026-05-22 15:40:00-04:00,745.6400146484375,16.90999984741211
2026-05-22 15:45:00-04:00,745.4600219726562,16.889999389648438
2026-05-22 15:50:00-04:00,745.4199829101562,16.850000381469727
2026-05-22 15:55:00-04:00,745.5900268554688,16.809999465942383
2026-05-26 09:30:00-04:00,749.4299926757812,16.90999984741211
2026-05-26 09:35:00-04:00,749.72998046875,16.84000015258789
2026-05-26 09:40:00-04:00,750.6300048828125,16.760000228881836
2026-05-26 09:45:00-04:00,750.97998046875,16.790000915527344
2026-05-26 09:50:00-04:00,750.1400146484375,16.899999618530273
2026-05-26 09:55:00-04:00,750.780029296875,16.860000610351562
2026-05-26 10:00:00-04:00,751.110107421875,16.809999465942383
2026-05-26 10:05:00-04:00,751.3150024414062,16.81999969482422
2026-05-26 10:10:00-04:00,751.4400024414062,16.8799991607666
2026-05-26 10:15:00-04:00,751.594970703125,16.889999389648438
2026-05-26 10:20:00-04:00,751.5299072265625,16.90999984741211
2026-05-26 10:25:00-04:00,751.5399780273438,16.93000030517578
2026-05-26 10:30:00-04:00,751.3900146484375,16.979999542236328
2026-05-26 10:35:00-04:00,751.7150268554688,16.93000030517578
2026-05-26 10:40:00-04:00,752.0399169921875,16.899999618530273
2026-05-26 10:45:00-04:00,751.72900390625,16.889999389648438
2026-05-26 10:50:00-04:00,751.530029296875,16.84000015258789
2026-05-26 10:55:00-04:00,751.4000244140625,16.809999465942383
2026-05-26 11:00:00-04:00,750.7600708007812,16.829999923706055
2026-05-26 11:05:00-04:00,750.8901977539062,16.799999237060547
2026-05-26 11:10:00-04:00,750.5900268554688,16.780000686645508
2026-05-26 11:15:00-04:00,750.39990234375,16.780000686645508
2026-05-26 11:20:00-04:00,750.1500244140625,16.809999465942383
2026-05-26 11:25:00-04:00,749.8499755859375,16.860000610351562
2026-05-26 11:30:00-04:00,749.8400268554688,16.809999465942383
2026-05-26 11:35:00-04:00,749.8300170898438,16.809999465942383
2026-05-26 11:40:00-04:00,749.375,16.950000762939453
2026-05-26 11:45:00-04:00,749.0999145507812,17.049999237060547
2026-05-26 11:50:00-04:00,748.5499877929688,17.149999618530273
2026-05-26 11:55:00-04:00,748.9299926757812,17.149999618530273
2026-05-26 12:00:00-04:00,749.2449951171875,17.1200008392334
2026-05-26 12:05:00-04:00,748.8800048828125,17.139999389648438
2026-05-26 12:10:00-04:00,748.9000244140625,17.139999389648438
2026-05-26 12:15:00-04:00,749.3200073242188,17.09000015258789
2026-05-26 12:20:00-04:00,749.4299926757812,17.059999465942383
2026-05-26 12:25:00-04:00,749.739990234375,16.989999771118164
2026-05-26 12:30:00-04:00,749.97998046875,16.989999771118164
2026-05-26 12:35:00-04:00,749.7100219726562,17.010000228881836
2026-05-26 12:40:00-04:00,749.2401123046875,17.049999237060547
2026-05-26 12:45:00-04:00,748.8699951171875,17.100000381469727
2026-05-26 12:50:00-04:00,749.219970703125,17.1299991607666
2026-05-26 12:55:00-04:00,749.010009765625,17.1299991607666
2026-05-26 13:00:00-04:00,749.1033935546875,17.09000015258789
2026-05-26 13:05:00-04:00,749.1199951171875,17.1200008392334
2026-05-26 13:10:00-04:00,749.2800903320312,17.100000381469727
2026-05-26 13:15:00-04:00,748.8099975585938,17.15999984741211
2026-05-26 13:20:00-04:00,748.7301025390625,17.190000534057617
2026-05-26 13:25:00-04:00,748.6500244140625,17.190000534057617
2026-05-26 13:30:00-04:00,749.0700073242188,17.110000610351562
2026-05-26 13:35:00-04:00,748.8402709960938,17.06999969482422
2026-05-26 13:40:00-04:00,748.8400268554688,17.079999923706055
2026-05-26 13:45:00-04:00,749.2050170898438,17.059999465942383
2026-05-26 13:50:00-04:00,749.0599975585938,17.06999969482422
2026-05-26 13:55:00-04:00,749.030029296875,17.059999465942383
2026-05-26 14:00:00-04:00,749.1849975585938,17.040000915527344
2026-05-26 14:05:00-04:00,749.4000244140625,17.0
2026-05-26 14:10:00-04:00,749.64501953125,16.969999313354492
2026-05-26 14:15:00-04:00,749.9199829101562,16.940000534057617
2026-05-26 14:20:00-04:00,749.8800048828125,16.940000534057617
2026-05-26 14:25:00-04:00,749.655029296875,16.959999084472656
2026-05-26 14:30:00-04:00,749.9509887695312,16.989999771118164
2026-05-26 14:35:00-04:00,749.7000122070312,17.06999969482422
2026-05-26 14:40:00-04:00,749.405029296875,17.09000015258789
2026-05-26 14:45:00-04:00,749.3150024414062,17.110000610351562
2026-05-26 14:50:00-04:00,749.385009765625,17.110000610351562
2026-05-26 14:55:00-04:00,749.0999755859375,17.110000610351562
2026-05-26 15:00:00-04:00,749.2000122070312,17.020000457763672
2026-05-26 15:05:00-04:00,749.405029296875,16.969999313354492
2026-05-26 15:10:00-04:00,749.1950073242188,17.030000686645508
2026-05-26 15:15:00-04:00,749.4299926757812,17.020000457763672
2026-05-26 15:20:00-04:00,749.5,16.979999542236328
2026-05-26 15:25:00-04:00,749.510009765625,17.0
2026-05-26 15:30:00-04:00,749.9400024414062,17.0
2026-05-26 15:35:00-04:00,750.2100219726562,16.979999542236328
2026-05-26 15:40:00-04:00,750.510009765625,16.959999084472656
2026-05-26 15:45:00-04:00,750.5900268554688,16.93000030517578
2026-05-26 15:50:00-04:00,750.6799926757812,16.920000076293945
2026-05-26 15:55:00-04:00,750.469970703125,16.940000534057617
2026-05-27 09:30:00-04:00,750.8699951171875,16.920000076293945
2026-05-27 09:35:00-04:00,750.530029296875,16.969999313354492
2026-05-27 09:40:00-04:00,749.469970703125,17.06999969482422
2026-05-27 09:45:00-04:00,749.5700073242188,17.049999237060547
2026-05-27 09:50:00-04:00,750.1099853515625,16.959999084472656
2026-05-27 09:55:00-04:00,750.489990234375,16.950000762939453
2026-05-27 10:00:00-04:00,751.239013671875,16.850000381469727
2026-05-27 10:05:00-04:00,750.6019897460938,16.920000076293945
2026-05-27 10:10:00-04:00,750.8300170898438,16.889999389648438
2026-05-27 10:15:00-04:00,751.25,16.8799991607666
2026-05-27 10:20:00-04:00,750.1500244140625,16.950000762939453
2026-05-27 10:25:00-04:00,750.0449829101562,16.989999771118164
2026-05-27 10:30:00-04:00,750.3380126953125,16.920000076293945
2026-05-27 10:35:00-04:00,750.9500122070312,16.8700008392334
2026-05-27 10:40:00-04:00,750.4249877929688,16.940000534057617
2026-05-27 10:45:00-04:00,750.0,16.950000762939453
2026-05-27 10:50:00-04:00,750.3200073242188,16.93000030517578
2026-05-27 10:55:00-04:00,749.6799926757812,16.979999542236328
2026-05-27 11:00:00-04:00,749.77001953125,16.989999771118164
2026-05-27 11:05:00-04:00,750.010009765625,16.959999084472656
2026-05-27 11:10:00-04:00,749.8300170898438,16.920000076293945
2026-05-27 11:15:00-04:00,749.1799926757812,16.969999313354492
2026-05-27 11:20:00-04:00,749.4500122070312,16.969999313354492
2026-05-27 11:25:00-04:00,749.5250244140625,16.940000534057617
2026-05-27 11:30:00-04:00,749.8400268554688,16.889999389648438
2026-05-27 11:35:00-04:00,749.1199951171875,16.920000076293945
2026-05-27 11:40:00-04:00,748.6199951171875,16.969999313354492
2026-05-27 11:45:00-04:00,748.6746215820312,17.010000228881836
2026-05-27 11:50:00-04:00,749.0599975585938,16.959999084472656
2026-05-27 11:55:00-04:00,749.10498046875,16.950000762939453
2026-05-27 12:00:00-04:00,748.7999877929688,16.959999084472656
2026-05-27 12:05:00-04:00,749.4749755859375,16.90999984741211
2026-05-27 12:10:00-04:00,749.5750122070312,16.860000610351562
2026-05-27 12:15:00-04:00,749.4000244140625,16.860000610351562
2026-05-27 12:20:00-04:00,749.719970703125,16.81999969482422
2026-05-27 12:25:00-04:00,749.6701049804688,16.81999969482422
2026-05-27 12:30:00-04:00,749.7999877929688,16.799999237060547
2026-05-27 12:35:00-04:00,750.0700073242188,16.729999542236328
2026-05-27 12:40:00-04:00,750.25,16.670000076293945
2026-05-27 12:45:00-04:00,750.510009765625,16.65999984741211
2026-05-27 12:50:00-04:00,750.1099243164062,16.690000534057617
2026-05-27 12:55:00-04:00,749.7899780273438,16.729999542236328
2026-05-27 13:00:00-04:00,749.5499267578125,16.75
2026-05-27 13:05:00-04:00,748.2999877929688,16.889999389648438
2026-05-27 13:10:00-04:00,748.8900146484375,16.889999389648438
2026-05-27 13:15:00-04:00,749.3049926757812,16.780000686645508
2026-05-27 13:20:00-04:00,749.4299926757812,16.75
2026-05-27 13:25:00-04:00,749.1599731445312,16.770000457763672
2026-05-27 13:30:00-04:00,749.5800170898438,16.709999084472656
2026-05-27 13:35:00-04:00,749.6599731445312,16.700000762939453
2026-05-27 13:40:00-04:00,749.3800048828125,16.739999771118164
2026-05-27 13:45:00-04:00,749.4650268554688,16.739999771118164
2026-05-27 13:50:00-04:00,749.8599853515625,16.690000534057617
2026-05-27 13:55:00-04:00,749.719970703125,16.649999618530273
2026-05-27 14:00:00-04:00,749.52001953125,16.709999084472656
2026-05-27 14:05:00-04:00,749.8198852539062,16.65999984741211
2026-05-27 14:10:00-04:00,750.0399780273438,16.6200008392334
2026-05-27 14:15:00-04:00,750.3300170898438,16.549999237060547
2026-05-27 14:20:00-04:00,750.5650024414062,16.56999969482422
2026-05-27 14:25:00-04:00,750.719970703125,16.56999969482422
2026-05-27 14:30:00-04:00,750.6901245117188,16.559999465942383
2026-05-27 14:35:00-04:00,750.739990234375,16.559999465942383
2026-05-27 14:40:00-04:00,750.8300170898438,16.549999237060547
2026-05-27 14:45:00-04:00,750.7999877929688,16.530000686645508
2026-05-27 14:50:00-04:00,750.8499755859375,16.510000228881836
2026-05-27 14:55:00-04:00,750.8099975585938,16.489999771118164
2026-05-27 15:00:00-04:00,750.9500122070312,16.520000457763672
2026-05-27 15:05:00-04:00,750.989990234375,16.510000228881836
2026-05-27 15:10:00-04:00,750.9000244140625,16.5
2026-05-27 15:15:00-04:00,750.8400268554688,16.530000686645508
2026-05-27 15:20:00-04:00,750.739990234375,16.530000686645508
2026-05-27 15:25:00-04:00,750.5601196289062,16.510000228881836
2026-05-27 15:30:00-04:00,750.5499877929688,16.469999313354492
2026-05-27 15:35:00-04:00,750.77001953125,16.420000076293945
2026-05-27 15:40:00-04:00,750.8599853515625,16.40999984741211
2026-05-27 15:45:00-04:00,750.3109741210938,16.43000030517578
2026-05-27 15:50:00-04:00,750.3599853515625,16.3799991607666
2026-05-27 15:55:00-04:00,750.469970703125,16.329999923706055
2026-05-28 09:30:00-04:00,749.7000122070312,16.479999542236328
2026-05-28 09:35:00-04:00,749.39990234375,16.440000534057617
2026-05-28 09:40:00-04:00,749.5499877929688,16.350000381469727
2026-05-28 09:45:00-04:00,749.3699951171875,16.309999465942383
2026-05-28 09:50:00-04:00,749.8200073242188,16.190000534057617
2026-05-28 09:55:00-04:00,750.1699829101562,16.18000030517578
2026-05-28 10:00:00-04:00,750.2991943359375,16.190000534057617
2026-05-28 10:05:00-04:00,750.6400146484375,16.149999618530273
2026-05-28 10:10:00-04:00,753.0599975585938,15.979999542236328
2026-05-28 10:15:00-04:00,753.010009765625,16.09000015258789
2026-05-28 10:20:00-04:00,752.3499755859375,16.040000915527344
2026-05-28 10:25:00-04:00,752.719970703125,15.979999542236328
2026-05-28 10:30:00-04:00,751.905029296875,16.0
2026-05-28 10:35:00-04:00,751.9299926757812,16.010000228881836
2026-05-28 10:40:00-04:00,752.469970703125,16.0
2026-05-28 10:45:00-04:00,752.3499755859375,16.0
2026-05-28 10:50:00-04:00,752.8099975585938,15.979999542236328
2026-05-28 10:55:00-04:00,752.8798828125,16.0
2026-05-28 11:00:00-04:00,753.739990234375,15.960000038146973
2026-05-28 11:05:00-04:00,753.5900268554688,15.979999542236328
2026-05-28 11:10:00-04:00,753.3049926757812,16.0
2026-05-28 11:15:00-04:00,753.4400024414062,15.979999542236328
2026-05-28 11:20:00-04:00,753.6799926757812,15.949999809265137
2026-05-28 11:25:00-04:00,753.9400024414062,15.9399995803833
2026-05-28 11:30:00-04:00,754.01171875,15.949999809265137
2026-05-28 11:35:00-04:00,754.1300048828125,15.949999809265137
2026-05-28 11:40:00-04:00,754.02001953125,15.970000267028809
2026-05-28 11:45:00-04:00,753.9000244140625,15.949999809265137
2026-05-28 11:50:00-04:00,754.0499877929688,15.949999809265137
2026-05-28 11:55:00-04:00,754.0800170898438,15.930000305175781
2026-05-28 12:00:00-04:00,753.9199829101562,15.9399995803833
2026-05-28 12:05:00-04:00,754.0900268554688,15.90999984741211
2026-05-28 12:10:00-04:00,754.1699829101562,15.920000076293945
2026-05-28 12:15:00-04:00,754.47998046875,15.899999618530273
2026-05-28 12:20:00-04:00,754.676025390625,15.869999885559082
2026-05-28 12:25:00-04:00,754.3800048828125,15.880000114440918
2026-05-28 12:30:00-04:00,754.2698974609375,15.859999656677246
2026-05-28 12:35:00-04:00,754.1900024414062,15.859999656677246
2026-05-28 12:40:00-04:00,754.4299926757812,15.859999656677246
2026-05-28 12:45:00-04:00,754.3099975585938,15.850000381469727
2026-05-28 12:50:00-04:00,754.3099975585938,15.84000015258789
2026-05-28 12:55:00-04:00,754.719970703125,15.819999694824219
2026-05-28 13:00:00-04:00,754.72998046875,15.819999694824219
2026-05-28 13:05:00-04:00,754.4600219726562,15.819999694824219
2026-05-28 13:10:00-04:00,754.2999877929688,15.84000015258789
2026-05-28 13:15:00-04:00,754.1599731445312,15.829999923706055
2026-05-28 13:20:00-04:00,754.47998046875,15.8100004196167
2026-05-28 13:25:00-04:00,754.2650146484375,15.819999694824219
2026-05-28 13:30:00-04:00,754.1900024414062,15.8100004196167
2026-05-28 13:35:00-04:00,754.4401245117188,15.800000190734863
2026-05-28 13:40:00-04:00,754.489990234375,15.800000190734863
2026-05-28 13:45:00-04:00,754.7899780273438,15.760000228881836
2026-05-28 13:50:00-04:00,754.8499755859375,15.739999771118164
2026-05-28 13:55:00-04:00,754.7000122070312,15.739999771118164
2026-05-28 14:00:00-04:00,754.8900146484375,15.680000305175781
2026-05-28 14:05:00-04:00,754.7000122070312,15.710000038146973
2026-05-28 14:10:00-04:00,754.5075073242188,15.710000038146973
2026-05-28 14:15:00-04:00,754.6400146484375,15.65999984741211
2026-05-28 14:20:00-04:00,754.7999877929688,15.649999618530273
2026-05-28 14:25:00-04:00,754.780029296875,15.640000343322754
2026-05-28 14:30:00-04:00,754.5150146484375,15.710000038146973
2026-05-28 14:35:00-04:00,754.3499755859375,15.699999809265137
2026-05-28 14:40:00-04:00,754.3699951171875,15.6899995803833
2026-05-28 14:45:00-04:00,754.260009765625,15.680000305175781
2026-05-28 14:50:00-04:00,754.4749755859375,15.649999618530273
2026-05-28 14:55:00-04:00,754.239990234375,15.670000076293945
2026-05-28 15:00:00-04:00,754.3699951171875,15.619999885559082
2026-05-28 15:05:00-04:00,754.3599853515625,15.619999885559082
2026-05-28 15:10:00-04:00,754.239990234375,15.640000343322754
2026-05-28 15:15:00-04:00,754.3200073242188,15.640000343322754
2026-05-28 15:20:00-04:00,754.5499877929688,15.619999885559082
2026-05-28 15:25:00-04:00,754.760009765625,15.609999656677246
2026-05-28 15:30:00-04:00,754.9429931640625,15.65999984741211
2026-05-28 15:35:00-04:00,755.1400146484375,15.670000076293945
2026-05-28 15:40:00-04:00,754.7000122070312,15.65999984741211
2026-05-28 15:45:00-04:00,754.6799926757812,15.65999984741211
2026-05-28 15:50:00-04:00,754.7000122070312,15.65999984741211
2026-05-28 15:55:00-04:00,754.6400146484375,15.640000343322754
2026-05-29 09:30:00-04:00,756.0050048828125,15.710000038146973
2026-05-29 09:35:00-04:00,756.719970703125,15.6899995803833
2026-05-29 09:40:00-04:00,757.469970703125,15.600000381469727
2026-05-29 09:45:00-04:00,757.6300048828125,15.600000381469727
2026-05-29 09:50:00-04:00,757.905029296875,15.579999923706055
2026-05-29 09:55:00-04:00,757.8200073242188,15.600000381469727
2026-05-29 10:00:00-04:00,757.6950073242188,15.619999885559082
2026-05-29 10:05:00-04:00,757.3099975585938,15.600000381469727
2026-05-29 10:10:00-04:00,757.3099975585938,15.59000015258789
2026-05-29 10:15:00-04:00,756.75,15.649999618530273
2026-05-29 10:20:00-04:00,756.260009765625,15.680000305175781
2026-05-29 10:25:00-04:00,756.5999755859375,15.680000305175781
2026-05-29 10:30:00-04:00,756.9099731445312,15.609999656677246
2026-05-29 10:35:00-04:00,755.6300048828125,15.680000305175781
2026-05-29 10:40:00-04:00,755.1749877929688,15.739999771118164
2026-05-29 10:45:00-04:00,755.010009765625,15.680000305175781
2026-05-29 10:50:00-04:00,755.8292846679688,15.609999656677246
2026-05-29 10:55:00-04:00,756.0399780273438,15.59000015258789
2026-05-29 11:00:00-04:00,756.3300170898438,15.619999885559082
2026-05-29 11:05:00-04:00,756.6998901367188,15.550000190734863
2026-05-29 11:10:00-04:00,757.3099975585938,15.510000228881836
2026-05-29 11:15:00-04:00,756.8800048828125,15.489999771118164
2026-05-29 11:20:00-04:00,756.8800048828125,15.479999542236328
2026-05-29 11:25:00-04:00,756.780029296875,15.40999984741211
2026-05-29 11:30:00-04:00,757.0,15.380000114440918
2026-05-29 11:35:00-04:00,757.1699829101562,15.369999885559082
2026-05-29 11:40:00-04:00,756.7100219726562,15.420000076293945
2026-05-29 11:45:00-04:00,756.6400146484375,15.380000114440918
2026-05-29 11:50:00-04:00,756.6666870117188,15.380000114440918
2026-05-29 11:55:00-04:00,756.4199829101562,15.40999984741211
2026-05-29 12:00:00-04:00,756.9199829101562,15.350000381469727
2026-05-29 12:05:00-04:00,757.2750244140625,15.300000190734863
2026-05-29 12:10:00-04:00,757.2999877929688,15.369999885559082
2026-05-29 12:15:00-04:00,756.8499755859375,15.380000114440918
2026-05-29 12:20:00-04:00,757.0399780273438,15.359999656677246
2026-05-29 12:25:00-04:00,756.75,15.380000114440918
2026-05-29 12:30:00-04:00,757.2899780273438,15.3100004196167
2026-05-29 12:35:00-04:00,757.6799926757812,15.25
2026-05-29 12:40:00-04:00,757.489990234375,15.239999771118164
2026-05-29 12:45:00-04:00,757.1699829101562,15.25
2026-05-29 12:50:00-04:00,756.97998046875,15.260000228881836
2026-05-29 12:55:00-04:00,756.8099975585938,15.289999961853027
2026-05-29 13:00:00-04:00,756.6599731445312,15.289999961853027
2026-05-29 13:05:00-04:00,756.780029296875,15.270000457763672
2026-05-29 13:10:00-04:00,756.760009765625,15.289999961853027
2026-05-29 13:15:00-04:00,756.8499755859375,15.260000228881836
2026-05-29 13:20:00-04:00,756.6799926757812,15.260000228881836
2026-05-29 13:25:00-04:00,756.6099853515625,15.270000457763672
2026-05-29 13:30:00-04:00,756.52001953125,15.25
2026-05-29 13:35:00-04:00,756.3699951171875,15.25
2026-05-29 13:40:00-04:00,756.0800170898438,15.279999732971191
2026-05-29 13:45:00-04:00,756.0999755859375,15.329999923706055
2026-05-29 13:50:00-04:00,755.8300170898438,15.34000015258789
2026-05-29 13:55:00-04:00,755.2999877929688,15.460000038146973
2026-05-29 14:00:00-04:00,755.77001953125,15.40999984741211
2026-05-29 14:05:00-04:00,755.969970703125,15.390000343322754
2026-05-29 14:10:00-04:00,755.75,15.420000076293945
2026-05-29 14:15:00-04:00,755.9199829101562,15.380000114440918
2026-05-29 14:20:00-04:00,756.2150268554688,15.34000015258789
2026-05-29 14:25:00-04:00,756.2899780273438,15.3100004196167
2026-05-29 14:30:00-04:00,756.7100219726562,15.239999771118164
2026-05-29 14:35:00-04:00,756.6199951171875,15.25
2026-05-29 14:40:00-04:00,756.4149780273438,15.270000457763672
2026-05-29 14:45:00-04:00,755.8499145507812,15.390000343322754
2026-05-29 14:50:00-04:00,755.6950073242188,15.5
2026-05-29 14:55:00-04:00,755.489990234375,15.449999809265137
2026-05-29 15:00:00-04:00,755.8599853515625,15.449999809265137
2026-05-29 15:05:00-04:00,756.2449951171875,15.430000305175781
2026-05-29 15:10:00-04:00,756.3599853515625,15.420000076293945
2026-05-29 15:15:00-04:00,756.1950073242188,15.399999618530273
2026-05-29 15:20:00-04:00,756.5,15.279999732971191
2026-05-29 15:25:00-04:00,756.8599853515625,15.300000190734863
2026-05-29 15:30:00-04:00,757.219970703125,15.279999732971191
2026-05-29 15:35:00-04:00,757.4600219726562,15.270000457763672
2026-05-29 15:40:00-04:00,757.2100830078125,15.40999984741211
2026-05-29 15:45:00-04:00,757.25,15.350000381469727
2026-05-29 15:50:00-04:00,756.5599975585938,15.34000015258789
2026-05-29 15:55:00-04:00,756.4000244140625,15.329999923706055
2026-06-01 09:30:00-04:00,755.7000122070312,16.209999084472656
2026-06-01 09:35:00-04:00,756.25,16.100000381469727
2026-06-01 09:40:00-04:00,756.239990234375,16.110000610351562
2026-06-01 09:45:00-04:00,756.4000244140625,16.06999969482422
2026-06-01 09:50:00-04:00,756.0900268554688,16.1200008392334
2026-06-01 09:55:00-04:00,755.5499877929688,16.219999313354492
2026-06-01 10:00:00-04:00,755.5999755859375,16.18000030517578
2026-06-01 10:05:00-04:00,756.3499755859375,16.09000015258789
2026-06-01 10:10:00-04:00,755.9400024414062,16.06999969482422
2026-06-01 10:15:00-04:00,755.9000244140625,16.049999237060547
2026-06-01 10:20:00-04:00,756.2000122070312,16.0
2026-06-01 10:25:00-04:00,755.85498046875,16.06999969482422
2026-06-01 10:30:00-04:00,755.739990234375,16.1299991607666
2026-06-01 10:35:00-04:00,755.4349975585938,16.1200008392334
2026-06-01 10:40:00-04:00,755.8099975585938,16.059999465942383
2026-06-01 10:45:00-04:00,755.6500244140625,16.079999923706055
2026-06-01 10:50:00-04:00,755.5599975585938,16.149999618530273
2026-06-01 10:55:00-04:00,755.655029296875,16.15999984741211
2026-06-01 11:00:00-04:00,755.780029296875,16.139999389648438
2026-06-01 11:05:00-04:00,756.02001953125,16.09000015258789
2026-06-01 11:10:00-04:00,755.9400024414062,16.06999969482422
2026-06-01 11:15:00-04:00,755.8800048828125,16.079999923706055
2026-06-01 11:20:00-04:00,756.2550048828125,16.030000686645508
2026-06-01 11:25:00-04:00,756.1599731445312,16.040000915527344
2026-06-01 11:30:00-04:00,757.0399780273438,15.899999618530273
2026-06-01 11:35:00-04:00,757.4000244140625,15.890000343322754
2026-06-01 11:40:00-04:00,757.2849731445312,15.899999618530273
2026-06-01 11:45:00-04:00,756.9000244140625,15.970000267028809
2026-06-01 11:50:00-04:00,756.989990234375,15.979999542236328
2026-06-01 11:55:00-04:00,756.7150268554688,16.020000457763672
2026-06-01 12:00:00-04:00,756.875,16.030000686645508
2026-06-01 12:05:00-04:00,756.7999877929688,16.040000915527344
2026-06-01 12:10:00-04:00,756.5300903320312,16.110000610351562
2026-06-01 12:15:00-04:00,756.344970703125,16.1299991607666
2026-06-01 12:20:00-04:00,756.719970703125,16.049999237060547
2026-06-01 12:25:00-04:00,756.780029296875,16.030000686645508
2026-06-01 12:30:00-04:00,757.1199951171875,15.970000267028809
2026-06-01 12:35:00-04:00,757.1599731445312,15.960000038146973
2026-06-01 12:40:00-04:00,757.0599975585938,15.979999542236328
2026-06-01 12:45:00-04:00,757.1199951171875,15.989999771118164
2026-06-01 12:50:00-04:00,757.8300170898438,15.949999809265137
2026-06-01 12:55:00-04:00,757.9500122070312,15.920000076293945
2026-06-01 13:00:00-04:00,757.4299926757812,15.979999542236328
2026-06-01 13:05:00-04:00,757.0999755859375,16.030000686645508
2026-06-01 13:10:00-04:00,757.3099975585938,16.0
2026-06-01 13:15:00-04:00,757.344970703125,16.0
2026-06-01 13:20:00-04:00,757.6099853515625,15.970000267028809
2026-06-01 13:25:00-04:00,758.510009765625,15.960000038146973
2026-06-01 13:30:00-04:00,757.9400024414062,15.930000305175781
2026-06-01 13:35:00-04:00,758.4400024414062,15.850000381469727
2026-06-01 13:40:00-04:00,759.47998046875,15.829999923706055
2026-06-01 13:45:00-04:00,759.6199951171875,15.8100004196167
2026-06-01 13:50:00-04:00,759.9149780273438,15.75
2026-06-01 13:55:00-04:00,759.5499877929688,15.729999542236328
2026-06-01 14:00:00-04:00,759.5800170898438,15.75
2026-06-01 14:05:00-04:00,759.6500244140625,15.770000457763672
2026-06-01 14:10:00-04:00,759.3800048828125,15.779999732971191
2026-06-01 14:15:00-04:00,759.75,15.760000228881836
2026-06-01 14:20:00-04:00,759.7899780273438,15.760000228881836
2026-06-01 14:25:00-04:00,759.8204956054688,15.739999771118164
2026-06-01 14:30:00-04:00,759.72998046875,15.739999771118164
2026-06-01 14:35:00-04:00,759.6599731445312,15.75
2026-06-01 14:40:00-04:00,759.8499755859375,15.729999542236328
2026-06-01 14:45:00-04:00,759.5650024414062,15.75
2026-06-01 14:50:00-04:00,759.5999755859375,15.75
2026-06-01 14:55:00-04:00,759.52001953125,15.710000038146973
2026-06-01 15:00:00-04:00,759.6599731445312,15.739999771118164
2026-06-01 15:05:00-04:00,759.635009765625,15.779999732971191
2026-06-01 15:10:00-04:00,759.469970703125,15.800000190734863
2026-06-01 15:15:00-04:00,759.4600219726562,15.8100004196167
2026-06-01 15:20:00-04:00,759.5900268554688,15.819999694824219
2026-06-01 15:25:00-04:00,759.6799926757812,15.84000015258789
2026-06-01 15:30:00-04:00,759.239990234375,15.920000076293945
2026-06-01 15:35:00-04:00,759.2100219726562,15.9399995803833
2026-06-01 15:40:00-04:00,759.02001953125,15.979999542236328
2026-06-01 15:45:00-04:00,758.6599731445312,16.020000457763672
2026-06-01 15:50:00-04:00,758.239990234375,16.030000686645508
2026-06-01 15:55:00-04:00,758.4400024414062,16.0
2026-06-02 09:30:00-04:00,757.4500122070312,16.149999618530273
2026-06-02 09:35:00-04:00,756.989990234375,16.170000076293945
2026-06-02 09:40:00-04:00,757.3106079101562,16.149999618530273
2026-06-02 09:45:00-04:00,757.6599731445312,16.079999923706055
2026-06-02 09:50:00-04:00,757.530029296875,16.110000610351562
2026-06-02 09:55:00-04:00,757.6199951171875,16.06999969482422
2026-06-02 10:00:00-04:00,757.7750244140625,16.020000457763672
2026-06-02 10:05:00-04:00,757.9149780273438,16.049999237060547
2026-06-02 10:10:00-04:00,758.1799926757812,15.989999771118164
2026-06-02 10:15:00-04:00,758.3200073242188,16.0
2026-06-02 10:20:00-04:00,758.0349731445312,16.040000915527344
2026-06-02 10:25:00-04:00,757.7349853515625,16.110000610351562
2026-06-02 10:30:00-04:00,758.5499877929688,16.049999237060547
2026-06-02 10:35:00-04:00,758.5150146484375,16.059999465942383
2026-06-02 10:40:00-04:00,758.9099731445312,16.049999237060547
2026-06-02 10:45:00-04:00,759.260009765625,16.040000915527344
2026-06-02 10:50:00-04:00,759.5499877929688,16.030000686645508
2026-06-02 10:55:00-04:00,759.719970703125,16.010000228881836
2026-06-02 11:00:00-04:00,759.4500122070312,16.06999969482422
2026-06-02 11:05:00-04:00,760.1099243164062,16.0
2026-06-02 11:10:00-04:00,759.9600219726562,15.989999771118164
2026-06-02 11:15:00-04:00,760.1300048828125,15.979999542236328
2026-06-02 11:20:00-04:00,760.2050170898438,16.030000686645508
2026-06-02 11:25:00-04:00,759.8900146484375,16.010000228881836
2026-06-02 11:30:00-04:00,759.7999877929688,15.989999771118164
2026-06-02 11:35:00-04:00,759.780029296875,16.0
2026-06-02 11:40:00-04:00,759.7000122070312,16.040000915527344
2026-06-02 11:45:00-04:00,759.72998046875,16.020000457763672
2026-06-02 11:50:00-04:00,759.6900024414062,16.040000915527344
2026-06-02 11:55:00-04:00,759.6900024414062,16.030000686645508
2026-06-02 12:00:00-04:00,759.5499877929688,16.049999237060547
2026-06-02 12:05:00-04:00,759.72998046875,16.010000228881836
2026-06-02 12:10:00-04:00,759.9000244140625,15.970000267028809
2026-06-02 12:15:00-04:00,759.5399780273438,16.020000457763672
2026-06-02 12:20:00-04:00,759.5349731445312,16.010000228881836
2026-06-02 12:25:00-04:00,759.3499755859375,16.030000686645508
2026-06-02 12:30:00-04:00,759.2750244140625,16.020000457763672
2026-06-02 12:35:00-04:00,759.25,16.0
2026-06-02 12:40:00-04:00,759.3300170898438,15.979999542236328
2026-06-02 12:45:00-04:00,759.6649780273438,15.949999809265137
2026-06-02 12:50:00-04:00,759.6799926757812,15.960000038146973
2026-06-02 12:55:00-04:00,759.864990234375,15.920000076293945
2026-06-02 13:00:00-04:00,759.905029296875,15.920000076293945
2026-06-02 13:05:00-04:00,759.7750244140625,15.9399995803833
2026-06-02 13:10:00-04:00,759.89501953125,15.920000076293945
2026-06-02 13:15:00-04:00,759.3599853515625,15.989999771118164
2026-06-02 13:20:00-04:00,759.1599731445312,16.010000228881836
2026-06-02 13:25:00-04:00,759.0250244140625,16.049999237060547
2026-06-02 13:30:00-04:00,759.0499877929688,16.049999237060547
2026-06-02 13:35:00-04:00,758.823486328125,16.079999923706055
2026-06-02 13:40:00-04:00,759.0900268554688,15.989999771118164
2026-06-02 13:45:00-04:00,759.22998046875,15.960000038146973
2026-06-02 13:50:00-04:00,759.1199951171875,15.960000038146973
2026-06-02 13:55:00-04:00,758.875,15.970000267028809
2026-06-02 14:00:00-04:00,758.8900146484375,15.970000267028809
2026-06-02 14:05:00-04:00,759.1400146484375,15.930000305175781
2026-06-02 14:10:00-04:00,759.0700073242188,15.890000343322754
2026-06-02 14:15:00-04:00,758.9400024414062,15.869999885559082
2026-06-02 14:20:00-04:00,758.989990234375,15.869999885559082
2026-06-02 14:25:00-04:00,758.9564208984375,15.84000015258789
2026-06-02 14:30:00-04:00,759.010009765625,15.84000015258789
2026-06-02 14:35:00-04:00,758.7100219726562,15.859999656677246
2026-06-02 14:40:00-04:00,758.8400268554688,15.850000381469727
2026-06-02 14:45:00-04:00,758.989990234375,15.819999694824219
2026-06-02 14:50:00-04:00,758.9400024414062,15.8100004196167
2026-06-02 14:55:00-04:00,759.0399780273438,15.779999732971191
2026-06-02 15:00:00-04:00,759.3699951171875,15.739999771118164
2026-06-02 15:05:00-04:00,759.3699951171875,15.770000457763672
2026-06-02 15:10:00-04:00,759.22998046875,15.800000190734863
2026-06-02 15:15:00-04:00,759.3200073242188,15.800000190734863
2026-06-02 15:20:00-04:00,759.5496826171875,15.8100004196167
2026-06-02 15:25:00-04:00,759.3300170898438,15.850000381469727
2026-06-02 15:30:00-04:00,759.4400024414062,15.850000381469727
2026-06-02 15:35:00-04:00,759.2999877929688,15.850000381469727
2026-06-02 15:40:00-04:00,759.1699829101562,15.859999656677246
2026-06-02 15:45:00-04:00,759.4349975585938,15.84000015258789
2026-06-02 15:50:00-04:00,759.5150146484375,15.8100004196167
2026-06-02 15:55:00-04:00,759.469970703125,15.789999961853027
2026-06-03 09:30:00-04:00,758.27001953125,16.200000762939453
2026-06-03 09:35:00-04:00,757.8792724609375,16.25
2026-06-03 09:40:00-04:00,756.5299072265625,16.350000381469727
2026-06-03 09:45:00-04:00,755.1099853515625,16.559999465942383
2026-06-03 09:50:00-04:00,755.8099975585938,16.440000534057617
2026-06-03 09:55:00-04:00,755.9199829101562,16.3799991607666
2026-06-03 10:00:00-04:00,756.3599853515625,16.270000457763672
2026-06-03 10:05:00-04:00,756.4400024414062,16.219999313354492
2026-06-03 10:10:00-04:00,756.905029296875,16.110000610351562
2026-06-03 10:15:00-04:00,756.219970703125,16.1200008392334
2026-06-03 10:20:00-04:00,756.3200073242188,16.09000015258789
2026-06-03 10:25:00-04:00,756.8099975585938,16.0
2026-06-03 10:30:00-04:00,756.592529296875,15.989999771118164
2026-06-03 10:35:00-04:00,756.8900146484375,15.970000267028809
2026-06-03 10:40:00-04:00,756.4600219726562,16.010000228881836
2026-06-03 10:45:00-04:00,756.030029296875,16.100000381469727
2026-06-03 10:50:00-04:00,756.2401123046875,16.030000686645508
2026-06-03 10:55:00-04:00,756.1699829101562,16.079999923706055
2026-06-03 11:00:00-04:00,756.2999877929688,16.010000228881836
2026-06-03 11:05:00-04:00,756.1599731445312,16.059999465942383
2026-06-03 11:10:00-04:00,756.0399780273438,16.09000015258789
2026-06-03 11:15:00-04:00,756.0900268554688,16.049999237060547
2026-06-03 11:20:00-04:00,755.5399780273438,16.149999618530273
2026-06-03 11:25:00-04:00,756.1199951171875,16.06999969482422
2026-06-03 11:30:00-04:00,755.6199951171875,16.18000030517578
2026-06-03 11:35:00-04:00,755.3499755859375,16.209999084472656
2026-06-03 11:40:00-04:00,755.2000122070312,16.219999313354492
2026-06-03 11:45:00-04:00,755.2000122070312,16.239999771118164
2026-06-03 11:50:00-04:00,755.280029296875,16.239999771118164
2026-06-03 11:55:00-04:00,755.2100219726562,16.239999771118164
2026-06-03 12:00:00-04:00,755.344970703125,16.280000686645508
2026-06-03 12:05:00-04:00,755.0700073242188,16.290000915527344
2026-06-03 12:10:00-04:00,755.260009765625,16.260000228881836
2026-06-03 12:15:00-04:00,754.9299926757812,16.360000610351562
2026-06-03 12:20:00-04:00,754.1300048828125,16.459999084472656
2026-06-03 12:25:00-04:00,754.3099975585938,16.389999389648438
2026-06-03 12:30:00-04:00,754.4099731445312,16.31999969482422
2026-06-03 12:35:00-04:00,753.9000244140625,16.420000076293945
2026-06-03 12:40:00-04:00,754.0700073242188,16.40999984741211
2026-06-03 12:45:00-04:00,754.5850219726562,16.309999465942383
2026-06-03 12:50:00-04:00,754.5700073242188,16.31999969482422
2026-06-03 12:55:00-04:00,755.1199951171875,16.260000228881836
2026-06-03 13:00:00-04:00,754.7100219726562,16.290000915527344
2026-06-03 13:05:00-04:00,754.9099731445312,16.190000534057617
2026-06-03 13:10:00-04:00,754.280029296875,16.309999465942383
2026-06-03 13:15:00-04:00,754.1699829101562,16.309999465942383
2026-06-03 13:20:00-04:00,754.5374755859375,16.25
2026-06-03 13:25:00-04:00,754.6325073242188,16.25
2026-06-03 13:30:00-04:00,754.9099731445312,16.219999313354492
2026-06-03 13:35:00-04:00,755.0,16.18000030517578
2026-06-03 13:40:00-04:00,755.2100219726562,16.149999618530273
2026-06-03 13:45:00-04:00,755.22998046875,16.15999984741211
2026-06-03 13:50:00-04:00,755.6174926757812,16.079999923706055
2026-06-03 13:55:00-04:00,755.5650024414062,16.059999465942383
2026-06-03 14:00:00-04:00,755.530029296875,16.06999969482422
2026-06-03 14:05:00-04:00,755.3400268554688,16.079999923706055
2026-06-03 14:10:00-04:00,755.2999877929688,16.100000381469727
2026-06-03 14:15:00-04:00,755.4749755859375,16.049999237060547
2026-06-03 14:20:00-04:00,755.6950073242188,16.040000915527344
2026-06-03 14:25:00-04:00,755.97998046875,16.0
2026-06-03 14:30:00-04:00,755.72998046875,16.030000686645508
2026-06-03 14:35:00-04:00,755.7150268554688,16.049999237060547
2026-06-03 14:40:00-04:00,755.7000122070312,16.049999237060547
2026-06-03 14:45:00-04:00,755.594970703125,16.06999969482422
2026-06-03 14:50:00-04:00,755.6099853515625,16.06999969482422
2026-06-03 14:55:00-04:00,755.5830078125,16.059999465942383
2026-06-03 15:00:00-04:00,755.0499877929688,16.149999618530273
2026-06-03 15:05:00-04:00,755.1300048828125,16.110000610351562
2026-06-03 15:10:00-04:00,755.0399780273438,16.139999389648438
2026-06-03 15:15:00-04:00,755.1300048828125,16.1299991607666
2026-06-03 15:20:00-04:00,754.6900024414062,16.149999618530273
2026-06-03 15:25:00-04:00,754.8300170898438,16.149999618530273
2026-06-03 15:30:00-04:00,754.7933959960938,16.1299991607666
2026-06-03 15:35:00-04:00,755.3099975585938,15.989999771118164
2026-06-03 15:40:00-04:00,755.280029296875,15.970000267028809
2026-06-03 15:45:00-04:00,755.3400268554688,15.970000267028809
2026-06-03 15:50:00-04:00,754.6099853515625,16.040000915527344
2026-06-03 15:55:00-04:00,754.1900024414062,16.049999237060547
2026-06-04 09:30:00-04:00,752.9149780273438,16.200000762939453
2026-06-04 09:35:00-04:00,752.9099731445312,16.139999389648438
2026-06-04 09:40:00-04:00,752.0250244140625,16.190000534057617
2026-06-04 09:45:00-04:00,752.5599975585938,16.06999969482422
2026-06-04 09:50:00-04:00,752.8099975585938,16.020000457763672
2026-06-04 09:55:00-04:00,753.2000122070312,15.970000267028809
2026-06-04 10:00:00-04:00,752.594970703125,16.030000686645508
2026-06-04 10:05:00-04:00,752.7000122070312,15.930000305175781
2026-06-04 10:10:00-04:00,753.3800048828125,15.800000190734863
2026-06-04 10:15:00-04:00,753.1900024414062,15.779999732971191
2026-06-04 10:20:00-04:00,754.1799926757812,15.65999984741211
2026-06-04 10:25:00-04:00,754.02001953125,15.6899995803833
2026-06-04 10:30:00-04:00,754.0,15.720000267028809
2026-06-04 10:35:00-04:00,753.6799926757812,15.800000190734863
2026-06-04 10:40:00-04:00,753.8400268554688,15.800000190734863
2026-06-04 10:45:00-04:00,753.719970703125,15.819999694824219
2026-06-04 10:50:00-04:00,753.8599853515625,15.779999732971191
2026-06-04 10:55:00-04:00,754.2100219726562,15.739999771118164
2026-06-04 11:00:00-04:00,754.5150146484375,15.729999542236328
2026-06-04 11:05:00-04:00,755.3699951171875,15.630000114440918
2026-06-04 11:10:00-04:00,755.5650024414062,15.640000343322754
2026-06-04 11:15:00-04:00,755.6500244140625,15.670000076293945
2026-06-04 11:20:00-04:00,755.719970703125,15.630000114440918
2026-06-04 11:25:00-04:00,755.864990234375,15.65999984741211
2026-06-04 11:30:00-04:00,755.6400146484375,15.6899995803833
2026-06-04 11:35:00-04:00,755.6400146484375,15.670000076293945
2026-06-04 11:40:00-04:00,755.280029296875,15.680000305175781
2026-06-04 11:45:00-04:00,754.9199829101562,15.710000038146973
2026-06-04 11:50:00-04:00,755.260009765625,15.630000114440918
2026-06-04 11:55:00-04:00,755.3400268554688,15.609999656677246
2026-06-04 12:00:00-04:00,755.4600830078125,15.600000381469727
2026-06-04 12:05:00-04:00,756.2100219726562,15.510000228881836
2026-06-04 12:10:00-04:00,756.2100219726562,15.550000190734863
2026-06-04 12:15:00-04:00,756.385009765625,15.550000190734863
2026-06-04 12:20:00-04:00,756.6099853515625,15.520000457763672
2026-06-04 12:25:00-04:00,756.5,15.550000190734863
2026-06-04 12:30:00-04:00,756.3300170898438,15.550000190734863
2026-06-04 12:35:00-04:00,756.7000122070312,15.470000267028809
2026-06-04 12:40:00-04:00,756.780029296875,15.470000267028809
2026-06-04 12:45:00-04:00,756.72998046875,15.460000038146973
2026-06-04 12:50:00-04:00,756.8499755859375,15.4399995803833
2026-06-04 12:55:00-04:00,756.7949829101562,15.449999809265137
2026-06-04 13:00:00-04:00,756.7100219726562,15.449999809265137
2026-06-04 13:05:00-04:00,756.9099731445312,15.420000076293945
2026-06-04 13:10:00-04:00,756.8400268554688,15.420000076293945
2026-06-04 13:15:00-04:00,756.8599853515625,15.420000076293945
2026-06-04 13:20:00-04:00,756.8201293945312,15.420000076293945
2026-06-04 13:25:00-04:00,757.1099853515625,15.399999618530273
2026-06-04 13:30:00-04:00,757.2100219726562,15.390000343322754
2026-06-04 13:35:00-04:00,757.0999755859375,15.40999984741211
2026-06-04 13:40:00-04:00,757.2606201171875,15.399999618530273
2026-06-04 13:45:00-04:00,757.4199829101562,15.390000343322754
2026-06-04 13:50:00-04:00,757.3699951171875,15.390000343322754
2026-06-04 13:55:00-04:00,757.6849975585938,15.34000015258789
2026-06-04 14:00:00-04:00,757.77001953125,15.359999656677246
2026-06-04 14:05:00-04:00,757.739990234375,15.369999885559082
2026-06-04 14:10:00-04:00,757.6799926757812,15.369999885559082
2026-06-04 14:15:00-04:00,757.8499755859375,15.369999885559082
2026-06-04 14:20:00-04:00,757.7999877929688,15.380000114440918
2026-06-04 14:25:00-04:00,757.8099975585938,15.390000343322754
2026-06-04 14:30:00-04:00,757.7999877929688,15.390000343322754
2026-06-04 14:35:00-04:00,757.7999877929688,15.369999885559082
2026-06-04 14:40:00-04:00,757.7899780273438,15.369999885559082
2026-06-04 14:45:00-04:00,757.880126953125,15.369999885559082
2026-06-04 14:50:00-04:00,757.8400268554688,15.380000114440918
2026-06-04 14:55:00-04:00,757.6199951171875,15.369999885559082
2026-06-04 15:00:00-04:00,757.8900146484375,15.369999885559082
2026-06-04 15:05:00-04:00,757.9201049804688,15.369999885559082
2026-06-04 15:10:00-04:00,757.780029296875,15.359999656677246
2026-06-04 15:15:00-04:00,757.6950073242188,15.359999656677246
2026-06-04 15:20:00-04:00,757.969970703125,15.329999923706055
2026-06-04 15:25:00-04:00,758.2899780273438,15.279999732971191
2026-06-04 15:30:00-04:00,758.135009765625,15.260000228881836
2026-06-04 15:35:00-04:00,758.1500244140625,15.25
2026-06-04 15:40:00-04:00,757.7999877929688,15.279999732971191
2026-06-04 15:45:00-04:00,757.8400268554688,15.229999542236328
2026-06-04 15:50:00-04:00,757.5499877929688,15.1899995803833
2026-06-04 15:55:00-04:00,757.0499877929688,15.1899995803833
2026-06-05 09:30:00-04:00,752.5916748046875,15.949999809265137
2026-06-05 09:35:00-04:00,751.5999755859375,16.1200008392334
2026-06-05 09:40:00-04:00,750.3099975585938,16.280000686645508
2026-06-05 09:45:00-04:00,749.4500122070312,16.469999313354492
2026-06-05 09:50:00-04:00,750.010009765625,16.420000076293945
2026-06-05 09:55:00-04:00,748.72998046875,16.690000534057617
2026-06-05 10:00:00-04:00,749.02001953125,16.719999313354492
2026-06-05 10:05:00-04:00,749.8099975585938,16.579999923706055
2026-06-05 10:10:00-04:00,750.1099853515625,16.489999771118164
2026-06-05 10:15:00-04:00,750.9000854492188,16.219999313354492
2026-06-05 10:20:00-04:00,749.7449951171875,16.420000076293945
2026-06-05 10:25:00-04:00,749.219970703125,16.600000381469727
2026-06-05 10:30:00-04:00,750.427490234375,16.309999465942383
2026-06-05 10:35:00-04:00,750.1699829101562,16.270000457763672
2026-06-05 10:40:00-04:00,749.5599975585938,16.40999984741211
2026-06-05 10:45:00-04:00,749.3900146484375,16.420000076293945
2026-06-05 10:50:00-04:00,749.6339721679688,16.31999969482422
2026-06-05 10:55:00-04:00,749.8800048828125,16.229999542236328
2026-06-05 11:00:00-04:00,749.5,16.309999465942383
2026-06-05 11:05:00-04:00,748.9299926757812,16.399999618530273
2026-06-05 11:10:00-04:00,748.2999877929688,16.540000915527344
2026-06-05 11:15:00-04:00,748.6400146484375,16.489999771118164
2026-06-05 11:20:00-04:00,747.8800048828125,16.6299991607666
2026-06-05 11:25:00-04:00,748.1480102539062,16.579999923706055
2026-06-05 11:30:00-04:00,747.6699829101562,16.719999313354492
2026-06-05 11:35:00-04:00,746.7899780273438,16.940000534057617
2026-06-05 11:40:00-04:00,746.5800170898438,17.020000457763672
2026-06-05 11:45:00-04:00,746.3599853515625,17.15999984741211
2026-06-05 11:50:00-04:00,746.739990234375,17.209999084472656
2026-06-05 11:55:00-04:00,746.5800170898438,17.209999084472656
2026-06-05 12:00:00-04:00,746.1099853515625,17.5
2026-06-05 12:05:00-04:00,745.22998046875,17.950000762939453
2026-06-05 12:10:00-04:00,745.4749755859375,17.860000610351562
2026-06-05 12:15:00-04:00,744.8099975585938,18.100000381469727
2026-06-05 12:20:00-04:00,745.1201782226562,17.969999313354492
2026-06-05 12:25:00-04:00,744.7401123046875,18.100000381469727
2026-06-05 12:30:00-04:00,744.239990234375,18.510000228881836
2026-06-05 12:35:00-04:00,744.22998046875,18.559999465942383
2026-06-05 12:40:00-04:00,743.27001953125,18.93000030517578
2026-06-05 12:45:00-04:00,743.5599975585938,18.940000534057617
2026-06-05 12:50:00-04:00,744.5599975585938,18.6299991607666
2026-06-05 12:55:00-04:00,744.5399780273438,18.549999237060547
2026-06-05 13:00:00-04:00,743.9000244140625,18.649999618530273
2026-06-05 13:05:00-04:00,743.5,18.600000381469727
2026-06-05 13:10:00-04:00,743.4099731445312,18.709999084472656
2026-06-05 13:15:00-04:00,743.280029296875,18.790000915527344
2026-06-05 13:20:00-04:00,744.0700073242188,18.440000534057617
2026-06-05 13:25:00-04:00,744.030029296875,18.399999618530273
2026-06-05 13:30:00-04:00,744.239990234375,18.31999969482422
2026-06-05 13:35:00-04:00,744.9299926757812,17.969999313354492
2026-06-05 13:40:00-04:00,743.8150024414062,18.239999771118164
2026-06-05 13:45:00-04:00,743.9600219726562,18.139999389648438
2026-06-05 13:50:00-04:00,744.1199951171875,18.100000381469727
2026-06-05 13:55:00-04:00,744.6699829101562,17.920000076293945
2026-06-05 14:00:00-04:00,743.4000244140625,18.260000228881836
2026-06-05 14:05:00-04:00,743.2399291992188,18.34000015258789
2026-06-05 14:10:00-04:00,742.1799926757812,18.639999389648438
2026-06-05 14:15:00-04:00,741.4199829101562,18.90999984741211
2026-06-05 14:20:00-04:00,741.5,18.860000610351562
2026-06-05 14:25:00-04:00,740.9000244140625,19.030000686645508
2026-06-05 14:30:00-04:00,740.6400146484375,19.190000534057617
2026-06-05 14:35:00-04:00,740.5750122070312,19.299999237060547
2026-06-05 14:40:00-04:00,740.030029296875,19.389999389648438
2026-06-05 14:45:00-04:00,739.6300048828125,19.84000015258789
2026-06-05 14:50:00-04:00,738.9650268554688,20.0
2026-06-05 14:55:00-04:00,739.22998046875,19.790000915527344
2026-06-05 15:00:00-04:00,739.1099853515625,19.829999923706055
2026-06-05 15:05:00-04:00,738.0136108398438,20.149999618530273
2026-06-05 15:10:00-04:00,737.22998046875,20.469999313354492
2026-06-05 15:15:00-04:00,736.3499755859375,20.959999084472656
2026-06-05 15:20:00-04:00,736.9000244140625,21.09000015258789
2026-06-05 15:25:00-04:00,738.4500122070312,20.489999771118164
2026-06-05 15:30:00-04:00,737.9199829101562,20.520000457763672
2026-06-05 15:35:00-04:00,738.6799926757812,20.309999465942383
2026-06-05 15:40:00-04:00,737.8099975585938,20.43000030517578
2026-06-05 15:45:00-04:00,738.719970703125,20.010000228881836
2026-06-05 15:50:00-04:00,739.1199951171875,19.729999542236328
2026-06-05 15:55:00-04:00,737.4000244140625,20.18000030517578
2026-06-08 09:30:00-04:00,742.1849975585938,19.059999465942383
2026-06-08 09:35:00-04:00,741.594970703125,19.030000686645508
2026-06-08 09:40:00-04:00,742.719970703125,18.75
2026-06-08 09:45:00-04:00,742.5800170898438,18.700000762939453
2026-06-08 09:50:00-04:00,743.2000122070312,18.5
2026-06-08 09:55:00-04:00,740.8499755859375,18.989999771118164
2026-06-08 10:00:00-04:00,741.1799926757812,18.899999618530273
2026-06-08 10:05:00-04:00,742.3200073242188,18.65999984741211
2026-06-08 10:10:00-04:00,741.639892578125,18.809999465942383
2026-06-08 10:15:00-04:00,741.5499877929688,18.829999923706055
2026-06-08 10:20:00-04:00,742.1400756835938,18.610000610351562
2026-06-08 10:25:00-04:00,742.47998046875,18.530000686645508
2026-06-08 10:30:00-04:00,742.8699951171875,18.5
2026-06-08 10:35:00-04:00,743.27001953125,18.299999237060547
2026-06-08 10:40:00-04:00,742.5700073242188,18.420000076293945
2026-06-08 10:45:00-04:00,743.5401000976562,18.15999984741211
2026-06-08 10:50:00-04:00,744.1099853515625,18.100000381469727
2026-06-08 10:55:00-04:00,744.9949951171875,18.010000228881836
2026-06-08 11:00:00-04:00,744.6400146484375,18.049999237060547
2026-06-08 11:05:00-04:00,745.1199951171875,18.030000686645508
2026-06-08 11:10:00-04:00,744.719970703125,18.06999969482422
2026-06-08 11:15:00-04:00,744.843994140625,18.1299991607666
2026-06-08 11:20:00-04:00,744.9299926757812,18.139999389648438
2026-06-08 11:25:00-04:00,743.22998046875,18.559999465942383
2026-06-08 11:30:00-04:00,742.1599731445312,18.649999618530273
2026-06-08 11:35:00-04:00,743.5,18.34000015258789
2026-06-08 11:40:00-04:00,743.6900024414062,18.299999237060547
2026-06-08 11:45:00-04:00,743.364990234375,18.31999969482422
2026-06-08 11:50:00-04:00,743.530029296875,18.290000915527344
2026-06-08 11:55:00-04:00,742.7650146484375,18.469999313354492
2026-06-08 12:00:00-04:00,742.85302734375,18.389999389648438
2026-06-08 12:05:00-04:00,742.6300048828125,18.459999084472656
2026-06-08 12:10:00-04:00,743.0700073242188,18.360000610351562
2026-06-08 12:15:00-04:00,743.7000122070312,18.209999084472656
2026-06-08 12:20:00-04:00,742.989990234375,18.3799991607666
2026-06-08 12:25:00-04:00,742.1400146484375,18.549999237060547
2026-06-08 12:30:00-04:00,741.9600219726562,18.56999969482422
2026-06-08 12:35:00-04:00,741.7899780273438,18.579999923706055
2026-06-08 12:40:00-04:00,742.1300048828125,18.459999084472656
2026-06-08 12:45:00-04:00,742.489990234375,18.309999465942383
2026-06-08 12:50:00-04:00,742.4299926757812,18.329999923706055
2026-06-08 12:55:00-04:00,741.9099731445312,18.43000030517578
2026-06-08 13:00:00-04:00,740.760009765625,18.670000076293945
2026-06-08 13:05:00-04:00,740.844970703125,18.670000076293945
2026-06-08 13:10:00-04:00,740.9400024414062,18.709999084472656
2026-06-08 13:15:00-04:00,740.3800048828125,18.81999969482422
2026-06-08 13:20:00-04:00,740.489990234375,18.770000457763672
2026-06-08 13:25:00-04:00,742.030029296875,18.43000030517578
2026-06-08 13:30:00-04:00,741.6199951171875,18.549999237060547
2026-06-08 13:35:00-04:00,741.1799926757812,18.600000381469727
2026-06-08 13:40:00-04:00,740.4299926757812,18.690000534057617
2026-06-08 13:45:00-04:00,741.4000244140625,18.610000610351562
2026-06-08 13:50:00-04:00,741.52001953125,18.530000686645508
2026-06-08 13:55:00-04:00,741.1300048828125,18.59000015258789
2026-06-08 14:00:00-04:00,741.6199951171875,18.469999313354492
2026-06-08 14:05:00-04:00,741.9099731445312,18.3799991607666
2026-06-08 14:10:00-04:00,741.280029296875,18.469999313354492
2026-06-08 14:15:00-04:00,741.6199951171875,18.489999771118164
2026-06-08 14:20:00-04:00,741.7899780273438,18.440000534057617
2026-06-08 14:25:00-04:00,741.9600219726562,18.40999984741211
2026-06-08 14:30:00-04:00,741.8200073242188,18.43000030517578
2026-06-08 14:35:00-04:00,740.989990234375,18.639999389648438
2026-06-08 14:40:00-04:00,740.8900146484375,18.6299991607666
2026-06-08 14:45:00-04:00,740.989990234375,18.6299991607666
2026-06-08 14:50:00-04:00,741.260009765625,18.56999969482422
2026-06-08 14:55:00-04:00,740.969970703125,18.639999389648438
2026-06-08 15:00:00-04:00,740.969970703125,18.649999618530273
2026-06-08 15:05:00-04:00,740.1799926757812,18.739999771118164
2026-06-08 15:10:00-04:00,739.2600708007812,18.889999389648438
2026-06-08 15:15:00-04:00,739.25,19.0
2026-06-08 15:20:00-04:00,738.5399780273438,19.1299991607666
2026-06-08 15:25:00-04:00,739.2000122070312,19.040000915527344
2026-06-08 15:30:00-04:00,739.469970703125,18.940000534057617
2026-06-08 15:35:00-04:00,739.4099731445312,18.81999969482422
2026-06-08 15:40:00-04:00,739.3499755859375,18.809999465942383
2026-06-08 15:45:00-04:00,739.2999877929688,18.81999969482422
2026-06-08 15:50:00-04:00,739.2000122070312,18.760000228881836
2026-06-08 15:55:00-04:00,739.3099975585938,18.690000534057617
2026-06-09 09:30:00-04:00,743.6300048828125,17.920000076293945
2026-06-09 09:35:00-04:00,744.3900146484375,17.719999313354492
2026-06-09 09:40:00-04:00,745.3598022460938,17.65999984741211
2026-06-09 09:45:00-04:00,746.75,17.559999465942383
2026-06-09 09:50:00-04:00,745.1699829101562,17.690000534057617
2026-06-09 09:55:00-04:00,744.3800048828125,17.770000457763672
2026-06-09 10:00:00-04:00,744.1400146484375,17.729999542236328
2026-06-09 10:05:00-04:00,743.97998046875,17.729999542236328
2026-06-09 10:10:00-04:00,741.5399780273438,18.170000076293945
2026-06-09 10:15:00-04:00,740.1199951171875,18.6299991607666
2026-06-09 10:20:00-04:00,741.9500122070312,18.229999542236328
2026-06-09 10:25:00-04:00,741.2100219726562,18.389999389648438
2026-06-09 10:30:00-04:00,741.2000122070312,18.350000381469727
2026-06-09 10:35:00-04:00,740.9349975585938,18.450000762939453
2026-06-09 10:40:00-04:00,738.6300048828125,18.969999313354492
2026-06-09 10:45:00-04:00,735.260009765625,19.790000915527344
2026-06-09 10:50:00-04:00,736.5650024414062,19.489999771118164
2026-06-09 10:55:00-04:00,737.75,18.989999771118164
2026-06-09 11:00:00-04:00,737.0,19.010000228881836
2026-06-09 11:05:00-04:00,737.9199829101562,19.0
2026-06-09 11:10:00-04:00,737.530029296875,19.0
2026-06-09 11:15:00-04:00,736.22998046875,19.260000228881836
2026-06-09 11:20:00-04:00,734.0850219726562,19.719999313354492
2026-06-09 11:25:00-04:00,731.0,20.59000015258789
2026-06-09 11:30:00-04:00,731.2299194335938,20.450000762939453
2026-06-09 11:35:00-04:00,731.47998046875,20.299999237060547
2026-06-09 11:40:00-04:00,731.8563842773438,20.079999923706055
2026-06-09 11:45:00-04:00,731.969970703125,20.059999465942383
2026-06-09 11:50:00-04:00,731.14501953125,20.309999465942383
2026-06-09 11:55:00-04:00,729.0599975585938,20.8799991607666
2026-06-09 12:00:00-04:00,729.6199951171875,20.809999465942383
2026-06-09 12:05:00-04:00,728.26318359375,21.34000015258789
2026-06-09 12:10:00-04:00,728.5499877929688,21.329999923706055
2026-06-09 12:15:00-04:00,725.9600219726562,22.170000076293945
2026-06-09 12:20:00-04:00,727.4931640625,21.860000610351562
2026-06-09 12:25:00-04:00,727.3599853515625,21.780000686645508
2026-06-09 12:30:00-04:00,727.25,21.75
2026-06-09 12:35:00-04:00,723.3400268554688,23.170000076293945
2026-06-09 12:40:00-04:00,724.6900024414062,22.979999542236328
2026-06-09 12:45:00-04:00,724.8699951171875,23.079999923706055
2026-06-09 12:50:00-04:00,723.6849975585938,23.110000610351562
2026-06-09 12:55:00-04:00,726.6199951171875,22.280000686645508
2026-06-09 13:00:00-04:00,728.3900146484375,21.579999923706055
2026-06-09 13:05:00-04:00,728.2849731445312,21.709999084472656
2026-06-09 13:10:00-04:00,728.5999755859375,21.690000534057617
2026-06-09 13:15:00-04:00,729.9324951171875,21.260000228881836
2026-06-09 13:20:00-04:00,730.469970703125,21.09000015258789
2026-06-09 13:25:00-04:00,730.760009765625,20.93000030517578
2026-06-09 13:30:00-04:00,731.7100219726562,20.799999237060547
2026-06-09 13:35:00-04:00,732.1199951171875,20.540000915527344
2026-06-09 13:40:00-04:00,732.9600219726562,20.350000381469727
2026-06-09 13:45:00-04:00,731.1699829101562,20.780000686645508
2026-06-09 13:50:00-04:00,732.469970703125,20.479999542236328
2026-06-09 13:55:00-04:00,732.5599975585938,20.440000534057617
2026-06-09 14:00:00-04:00,732.60498046875,20.389999389648438
2026-06-09 14:05:00-04:00,733.5900268554688,20.149999618530273
2026-06-09 14:10:00-04:00,733.280029296875,20.139999389648438
2026-06-09 14:15:00-04:00,734.4299926757812,19.889999389648438
2026-06-09 14:20:00-04:00,735.0599975585938,19.709999084472656
2026-06-09 14:25:00-04:00,735.0999755859375,19.75
2026-06-09 14:30:00-04:00,735.6900024414062,19.610000610351562
2026-06-09 14:35:00-04:00,735.9600219726562,19.459999084472656
2026-06-09 14:40:00-04:00,734.4099731445312,19.90999984741211
2026-06-09 14:45:00-04:00,735.52001953125,19.760000228881836
2026-06-09 14:50:00-04:00,735.625,19.68000030517578
2026-06-09 14:55:00-04:00,736.739990234375,19.440000534057617
2026-06-09 15:00:00-04:00,737.3099975585938,19.34000015258789
2026-06-09 15:05:00-04:00,736.510009765625,19.389999389648438
2026-06-09 15:10:00-04:00,735.3099975585938,19.799999237060547
2026-06-09 15:15:00-04:00,733.6599731445312,20.229999542236328
2026-06-09 15:20:00-04:00,733.9600219726562,20.15999984741211
2026-06-09 15:25:00-04:00,734.5999755859375,19.959999084472656
2026-06-09 15:30:00-04:00,734.5599975585938,20.0
2026-06-09 15:35:00-04:00,733.5900268554688,20.170000076293945
2026-06-09 15:40:00-04:00,733.4299926757812,20.170000076293945
2026-06-09 15:45:00-04:00,733.0599975585938,20.40999984741211
2026-06-09 15:50:00-04:00,736.1699829101562,19.8700008392334
2026-06-09 15:55:00-04:00,737.0599975585938,19.770000457763672
2026-06-10 09:30:00-04:00,731.7849731445312,21.139999389648438
2026-06-10 09:35:00-04:00,734.5999755859375,20.579999923706055
2026-06-10 09:40:00-04:00,736.1699829101562,20.229999542236328
2026-06-10 09:45:00-04:00,736.6599731445312,20.329999923706055
2026-06-10 09:50:00-04:00,735.6599731445312,20.5
2026-06-10 09:55:00-04:00,735.719970703125,20.440000534057617
2026-06-10 10:00:00-04:00,736.5700073242188,20.25
2026-06-10 10:05:00-04:00,737.125,20.139999389648438
2026-06-10 10:10:00-04:00,736.7000122070312,20.280000686645508
2026-06-10 10:15:00-04:00,736.6099853515625,20.389999389648438
2026-06-10 10:20:00-04:00,738.2150268554688,20.06999969482422
2026-06-10 10:25:00-04:00,737.25,20.3799991607666
2026-06-10 10:30:00-04:00,737.8350219726562,20.40999984741211
2026-06-10 10:35:00-04:00,736.5700073242188,20.739999771118164
2026-06-10 10:40:00-04:00,735.5800170898438,20.760000228881836
2026-06-10 10:45:00-04:00,734.9600219726562,21.0
2026-06-10 10:50:00-04:00,734.6300048828125,20.950000762939453
2026-06-10 10:55:00-04:00,732.8400268554688,21.389999389648438
2026-06-10 11:00:00-04:00,733.0900268554688,21.31999969482422
2026-06-10 11:05:00-04:00,731.780029296875,21.670000076293945
2026-06-10 11:10:00-04:00,730.6799926757812,21.940000534057617
2026-06-10 11:15:00-04:00,730.219970703125,22.020000457763672
2026-06-10 11:20:00-04:00,731.8250122070312,21.530000686645508
2026-06-10 11:25:00-04:00,731.4299926757812,21.540000915527344
2026-06-10 11:30:00-04:00,731.02001953125,21.719999313354492
2026-06-10 11:35:00-04:00,730.8001098632812,21.8799991607666
2026-06-10 11:40:00-04:00,732.27001953125,21.450000762939453
2026-06-10 11:45:00-04:00,730.0,22.190000534057617
2026-06-10 11:50:00-04:00,730.8150024414062,22.020000457763672
2026-06-10 11:55:00-04:00,731.9500122070312,21.8700008392334
2026-06-10 12:00:00-04:00,731.530029296875,21.950000762939453
2026-06-10 12:05:00-04:00,730.8900146484375,22.059999465942383
2026-06-10 12:10:00-04:00,730.25,22.18000030517578
2026-06-10 12:15:00-04:00,730.5800170898438,22.049999237060547
2026-06-10 12:20:00-04:00,730.1300048828125,22.040000915527344
2026-06-10 12:25:00-04:00,730.6799926757812,21.969999313354492
2026-06-10 12:30:00-04:00,731.6099853515625,21.709999084472656
2026-06-10 12:35:00-04:00,731.969970703125,21.559999465942383
2026-06-10 12:40:00-04:00,730.8720092773438,21.670000076293945
2026-06-10 12:45:00-04:00,729.97998046875,21.8700008392334
2026-06-10 12:50:00-04:00,730.22998046875,21.780000686645508
2026-06-10 12:55:00-04:00,730.360107421875,21.760000228881836
2026-06-10 13:00:00-04:00,731.1400146484375,21.469999313354492
2026-06-10 13:05:00-04:00,729.6929931640625,21.799999237060547
2026-06-10 13:10:00-04:00,729.0,22.0
2026-06-10 13:15:00-04:00,728.97998046875,21.940000534057617
2026-06-10 13:20:00-04:00,729.4600219726562,21.670000076293945
2026-06-10 13:25:00-04:00,729.5900268554688,21.610000610351562
2026-06-10 13:30:00-04:00,728.844970703125,21.790000915527344
2026-06-10 13:35:00-04:00,728.1799926757812,21.889999389648438
2026-06-10 13:40:00-04:00,727.9609985351562,21.93000030517578
2026-06-10 13:45:00-04:00,730.3250122070312,21.43000030517578
2026-06-10 13:50:00-04:00,729.97998046875,21.489999771118164
2026-06-10 13:55:00-04:00,730.6599731445312,21.260000228881836
2026-06-10 14:00:00-04:00,731.6849975585938,21.0
2026-06-10 14:05:00-04:00,730.5,21.1200008392334
2026-06-10 14:10:00-04:00,730.75,21.100000381469727
2026-06-10 14:15:00-04:00,729.7949829101562,21.329999923706055
2026-06-10 14:20:00-04:00,729.9199829101562,21.200000762939453
2026-06-10 14:25:00-04:00,729.5499877929688,21.270000457763672
2026-06-10 14:30:00-04:00,729.0599975585938,21.350000381469727
2026-06-10 14:35:00-04:00,728.5399169921875,21.579999923706055
2026-06-10 14:40:00-04:00,728.5299072265625,21.530000686645508
2026-06-10 14:45:00-04:00,727.9099731445312,21.6200008392334
2026-06-10 14:50:00-04:00,727.719970703125,21.75
2026-06-10 14:55:00-04:00,727.4299926757812,21.770000457763672
2026-06-10 15:00:00-04:00,727.35498046875,21.8700008392334
2026-06-10 15:05:00-04:00,727.77001953125,21.829999923706055
2026-06-10 15:10:00-04:00,727.0599975585938,22.040000915527344
2026-06-10 15:15:00-04:00,726.510009765625,22.110000610351562
2026-06-10 15:20:00-04:00,726.1400146484375,22.170000076293945
2026-06-10 15:25:00-04:00,725.989990234375,22.170000076293945
2026-06-10 15:30:00-04:00,726.9299926757812,21.899999618530273
2026-06-10 15:35:00-04:00,727.4550170898438,21.790000915527344
2026-06-10 15:40:00-04:00,727.2587890625,21.780000686645508
2026-06-10 15:45:00-04:00,726.8300170898438,21.860000610351562
2026-06-10 15:50:00-04:00,726.8400268554688,21.8700008392334
2026-06-10 15:55:00-04:00,725.4299926757812,22.079999923706055
2026-06-11 09:30:00-04:00,727.280029296875,21.600000381469727
2026-06-11 09:35:00-04:00,727.2249755859375,21.559999465942383
2026-06-11 09:40:00-04:00,727.1699829101562,21.520000457763672
2026-06-11 09:45:00-04:00,728.5999755859375,21.170000076293945
2026-06-11 09:50:00-04:00,731.0399780273438,20.75
2026-06-11 09:55:00-04:00,729.72998046875,21.09000015258789
2026-06-11 10:00:00-04:00,731.0700073242188,20.799999237060547
2026-06-11 10:05:00-04:00,730.0650024414062,21.0
2026-06-11 10:10:00-04:00,727.8300170898438,21.43000030517578
2026-06-11 10:15:00-04:00,727.0900268554688,21.559999465942383
2026-06-11 10:20:00-04:00,729.1599731445312,21.100000381469727
2026-06-11 10:25:00-04:00,728.8150024414062,21.25
2026-06-11 10:30:00-04:00,728.3300170898438,21.540000915527344
2026-06-11 10:35:00-04:00,729.1300048828125,21.239999771118164
2026-06-11 10:40:00-04:00,728.5599975585938,21.290000915527344
2026-06-11 10:45:00-04:00,728.1699829101562,21.450000762939453
2026-06-11 10:50:00-04:00,727.35498046875,21.84000015258789
2026-06-11 10:55:00-04:00,725.5999755859375,22.31999969482422
2026-06-11 11:00:00-04:00,725.9400024414062,22.260000228881836
2026-06-11 11:05:00-04:00,726.6599731445312,22.139999389648438
2026-06-11 11:10:00-04:00,727.3800048828125,21.809999465942383
2026-06-11 11:15:00-04:00,727.3300170898438,21.8700008392334
2026-06-11 11:20:00-04:00,728.25,21.709999084472656
2026-06-11 11:25:00-04:00,727.1799926757812,21.920000076293945
2026-06-11 11:30:00-04:00,727.530029296875,22.020000457763672
2026-06-11 11:35:00-04:00,728.4600219726562,21.729999542236328
2026-06-11 11:40:00-04:00,727.8599853515625,21.940000534057617
2026-06-11 11:45:00-04:00,727.760009765625,21.90999984741211
2026-06-11 11:50:00-04:00,727.27001953125,22.030000686645508
2026-06-11 11:55:00-04:00,728.0999755859375,21.780000686645508
2026-06-11 12:00:00-04:00,728.0,21.84000015258789
2026-06-11 12:05:00-04:00,729.0396728515625,21.549999237060547
2026-06-11 12:10:00-04:00,729.885009765625,21.3799991607666
2026-06-11 12:15:00-04:00,729.7650146484375,21.3700008392334
2026-06-11 12:20:00-04:00,728.5700073242188,21.5
2026-06-11 12:25:00-04:00,727.8800048828125,21.59000015258789
2026-06-11 12:30:00-04:00,729.3699951171875,21.260000228881836
2026-06-11 12:35:00-04:00,728.7598876953125,21.309999465942383
2026-06-11 12:40:00-04:00,728.6300048828125,21.329999923706055
2026-06-11 12:45:00-04:00,728.3049926757812,21.350000381469727
2026-06-11 12:50:00-04:00,727.155029296875,21.450000762939453
2026-06-11 12:55:00-04:00,726.5200805664062,21.479999542236328
2026-06-11 13:00:00-04:00,725.8800048828125,21.65999984741211
2026-06-11 13:05:00-04:00,726.7899780273438,21.459999084472656
2026-06-11 13:10:00-04:00,726.3499145507812,21.540000915527344
2026-06-11 13:15:00-04:00,725.7000122070312,21.690000534057617
2026-06-11 13:20:00-04:00,726.0650024414062,21.56999969482422
2026-06-11 13:25:00-04:00,732.52001953125,20.75
2026-06-11 13:30:00-04:00,734.22998046875,20.06999969482422
2026-06-11 13:35:00-04:00,734.2650146484375,20.030000686645508
2026-06-11 13:40:00-04:00,736.2100219726562,19.68000030517578
2026-06-11 13:45:00-04:00,734.8400268554688,19.920000076293945
2026-06-11 13:50:00-04:00,734.3599853515625,19.940000534057617
2026-06-11 13:55:00-04:00,734.9500122070312,19.760000228881836
2026-06-11 14:00:00-04:00,733.2899780273438,20.09000015258789
2026-06-11 14:05:00-04:00,733.239990234375,20.18000030517578
2026-06-11 14:10:00-04:00,734.3099975585938,20.020000457763672
2026-06-11 14:15:00-04:00,735.5700073242188,19.770000457763672
2026-06-11 14:20:00-04:00,734.530029296875,19.950000762939453
2026-06-11 14:25:00-04:00,734.52001953125,19.899999618530273
2026-06-11 14:30:00-04:00,734.5599975585938,19.799999237060547
2026-06-11 14:35:00-04:00,734.2999877929688,19.850000381469727
2026-06-11 14:40:00-04:00,734.9199829101562,19.739999771118164
2026-06-11 14:45:00-04:00,735.8099975585938,19.56999969482422
2026-06-11 14:50:00-04:00,735.72998046875,19.639999389648438
2026-06-11 14:55:00-04:00,735.7550048828125,19.6299991607666
2026-06-11 15:00:00-04:00,736.3400268554688,19.540000915527344
2026-06-11 15:05:00-04:00,736.1599731445312,19.600000381469727
2026-06-11 15:10:00-04:00,736.9500122070312,19.670000076293945
2026-06-11 15:15:00-04:00,737.3699951171875,19.65999984741211
2026-06-11 15:20:00-04:00,737.3200073242188,19.600000381469727
2026-06-11 15:25:00-04:00,737.9199829101562,19.600000381469727
2026-06-11 15:30:00-04:00,739.639892578125,19.420000076293945
2026-06-11 15:35:00-04:00,738.9299926757812,19.65999984741211
2026-06-11 15:40:00-04:00,739.405029296875,19.479999542236328
2026-06-11 15:45:00-04:00,737.9849853515625,19.649999618530273
2026-06-11 15:50:00-04:00,738.3099975585938,19.520000457763672
2026-06-11 15:55:00-04:00,737.6400146484375,19.540000915527344
2026-06-12 09:30:00-04:00,738.5,19.229999542236328
2026-06-12 09:35:00-04:00,739.239990234375,18.940000534057617
2026-06-12 09:40:00-04:00,735.8900146484375,19.610000610351562
2026-06-12 09:45:00-04:00,735.6400146484375,19.68000030517578
2026-06-12 09:50:00-04:00,736.1099853515625,19.559999465942383
2026-06-12 09:55:00-04:00,736.6199951171875,19.31999969482422
2026-06-12 10:00:00-04:00,738.780029296875,18.93000030517578
2026-06-12 10:05:00-04:00,740.2100219726562,18.799999237060547
2026-06-12 10:10:00-04:00,739.3099975585938,18.959999084472656
2026-06-12 10:15:00-04:00,740.3200073242188,18.829999923706055
2026-06-12 10:20:00-04:00,739.1599731445312,19.049999237060547
2026-06-12 10:25:00-04:00,739.5900268554688,18.969999313354492
2026-06-12 10:30:00-04:00,739.780029296875,19.020000457763672
2026-06-12 10:35:00-04:00,740.4099731445312,18.93000030517578
2026-06-12 10:40:00-04:00,738.0001220703125,19.290000915527344
2026-06-12 10:45:00-04:00,737.4500122070312,19.389999389648438
2026-06-12 10:50:00-04:00,741.6799926757812,18.920000076293945
2026-06-12 10:55:00-04:00,742.3599853515625,18.770000457763672
2026-06-12 11:00:00-04:00,742.1199951171875,18.760000228881836
2026-06-12 11:05:00-04:00,742.4450073242188,18.649999618530273
2026-06-12 11:10:00-04:00,743.1500244140625,18.610000610351562
2026-06-12 11:15:00-04:00,743.6300048828125,18.549999237060547
2026-06-12 11:20:00-04:00,744.27001953125,18.5
2026-06-12 11:25:00-04:00,744.1500244140625,18.559999465942383
2026-06-12 11:30:00-04:00,742.739990234375,18.709999084472656
2026-06-12 11:35:00-04:00,741.9299926757812,18.959999084472656
2026-06-12 11:40:00-04:00,740.9600219726562,19.200000762939453
2026-06-12 11:45:00-04:00,739.5399780273438,19.549999237060547
2026-06-12 11:50:00-04:00,740.9199829101562,19.219999313354492
2026-06-12 11:55:00-04:00,738.8900146484375,19.479999542236328
2026-06-12 12:00:00-04:00,738.9600219726562,19.260000228881836
2026-06-12 12:05:00-04:00,739.635009765625,19.059999465942383
2026-06-12 12:10:00-04:00,741.0399780273438,18.780000686645508
2026-06-12 12:15:00-04:00,740.6099853515625,19.010000228881836
2026-06-12 12:20:00-04:00,740.780029296875,18.969999313354492
2026-06-12 12:25:00-04:00,740.6099853515625,18.93000030517578
2026-06-12 12:30:00-04:00,741.0399780273438,18.770000457763672
2026-06-12 12:35:00-04:00,740.719970703125,18.809999465942383
2026-06-12 12:40:00-04:00,740.52001953125,18.790000915527344
2026-06-12 12:45:00-04:00,741.3800048828125,18.68000030517578
2026-06-12 12:50:00-04:00,741.0800170898438,18.670000076293945
2026-06-12 12:55:00-04:00,741.5599975585938,18.610000610351562
2026-06-12 13:00:00-04:00,742.0598754882812,18.510000228881836
2026-06-12 13:05:00-04:00,742.2999877929688,18.450000762939453
2026-06-12 13:10:00-04:00,742.1099853515625,18.549999237060547
2026-06-12 13:15:00-04:00,742.510009765625,18.3799991607666
2026-06-12 13:20:00-04:00,742.4000244140625,18.34000015258789
2026-06-12 13:25:00-04:00,742.0900268554688,18.329999923706055
2026-06-12 13:30:00-04:00,741.4500122070312,18.350000381469727
2026-06-12 13:35:00-04:00,741.72998046875,18.31999969482422
2026-06-12 13:40:00-04:00,741.7000122070312,18.290000915527344
2026-06-12 13:45:00-04:00,741.8558959960938,18.25
2026-06-12 13:50:00-04:00,741.8499755859375,18.209999084472656
2026-06-12 13:55:00-04:00,741.2999877929688,18.260000228881836
2026-06-12 14:00:00-04:00,741.0900268554688,18.270000457763672
2026-06-12 14:05:00-04:00,740.9749755859375,18.290000915527344
2026-06-12 14:10:00-04:00,741.030029296875,18.260000228881836
2026-06-12 14:15:00-04:00,740.6799926757812,18.389999389648438
2026-06-12 14:20:00-04:00,740.72998046875,18.43000030517578
2026-06-12 14:25:00-04:00,741.260009765625,18.329999923706055
2026-06-12 14:30:00-04:00,741.6599731445312,18.270000457763672
2026-06-12 14:35:00-04:00,741.7449951171875,18.25
2026-06-12 14:40:00-04:00,742.219970703125,18.200000762939453
2026-06-12 14:45:00-04:00,741.969970703125,18.18000030517578
2026-06-12 14:50:00-04:00,742.0499877929688,18.1299991607666
2026-06-12 14:55:00-04:00,741.030029296875,18.190000534057617
2026-06-12 15:00:00-04:00,741.9600219726562,18.170000076293945
2026-06-12 15:05:00-04:00,741.7750244140625,18.270000457763672
2026-06-12 15:10:00-04:00,741.3900146484375,18.260000228881836
2026-06-12 15:15:00-04:00,741.6699829101562,18.200000762939453
2026-06-12 15:20:00-04:00,741.6300048828125,18.209999084472656
2026-06-12 15:25:00-04:00,741.4199829101562,18.280000686645508
2026-06-12 15:30:00-04:00,740.530029296875,18.350000381469727
2026-06-12 15:35:00-04:00,740.6199951171875,18.290000915527344
2026-06-12 15:40:00-04:00,740.8200073242188,18.149999618530273
2026-06-12 15:45:00-04:00,740.9099731445312,17.989999771118164
2026-06-12 15:50:00-04:00,741.25,17.90999984741211
2026-06-12 15:55:00-04:00,741.6599731445312,17.75
2026-06-15 09:30:00-04:00,752.7000122070312,16.09000015258789
2026-06-15 09:35:00-04:00,753.0712890625,16.149999618530273
2026-06-15 09:40:00-04:00,752.8400268554688,16.34000015258789
2026-06-15 09:45:00-04:00,753.7999877929688,16.270000457763672
2026-06-15 09:50:00-04:00,753.7050170898438,16.329999923706055
2026-06-15 09:55:00-04:00,753.3200073242188,16.420000076293945
2026-06-15 10:00:00-04:00,753.6900024414062,16.350000381469727
2026-06-15 10:05:00-04:00,753.22998046875,16.40999984741211
2026-06-15 10:10:00-04:00,753.0299072265625,16.399999618530273
2026-06-15 10:15:00-04:00,753.2999877929688,16.360000610351562
2026-06-15 10:20:00-04:00,753.0195922851562,16.3799991607666
2026-06-15 10:25:00-04:00,753.6500244140625,16.290000915527344
2026-06-15 10:30:00-04:00,753.2000122070312,16.31999969482422
2026-06-15 10:35:00-04:00,753.3900146484375,16.299999237060547
2026-06-15 10:40:00-04:00,753.3200073242188,16.270000457763672
2026-06-15 10:45:00-04:00,753.5150146484375,16.229999542236328
2026-06-15 10:50:00-04:00,753.9299926757812,16.229999542236328
2026-06-15 10:55:00-04:00,754.1921997070312,16.239999771118164
2026-06-15 11:00:00-04:00,754.6300048828125,16.219999313354492
2026-06-15 11:05:00-04:00,754.6900024414062,16.200000762939453
2026-06-15 11:10:00-04:00,754.6699829101562,16.270000457763672
2026-06-15 11:15:00-04:00,754.5800170898438,16.290000915527344
2026-06-15 11:20:00-04:00,754.8200073242188,16.329999923706055
2026-06-15 11:25:00-04:00,755.1400146484375,16.34000015258789
2026-06-15 11:30:00-04:00,754.8580932617188,16.3700008392334
2026-06-15 11:35:00-04:00,755.25,16.350000381469727
2026-06-15 11:40:00-04:00,755.4299926757812,16.350000381469727
2026-06-15 11:45:00-04:00,755.9901123046875,16.31999969482422
2026-06-15 11:50:00-04:00,756.0150146484375,16.309999465942383
2026-06-15 11:55:00-04:00,756.1400146484375,16.309999465942383
2026-06-15 12:00:00-04:00,756.4100952148438,16.290000915527344
2026-06-15 12:05:00-04:00,756.2899780273438,16.299999237060547
2026-06-15 12:10:00-04:00,756.155029296875,16.309999465942383
2026-06-15 12:15:00-04:00,756.1300048828125,16.270000457763672
2026-06-15 12:20:00-04:00,756.4400024414062,16.190000534057617
2026-06-15 12:25:00-04:00,756.5,16.1200008392334
2026-06-15 12:30:00-04:00,756.2000122070312,16.1299991607666
2026-06-15 12:35:00-04:00,755.9299926757812,16.059999465942383
2026-06-15 12:40:00-04:00,755.9099731445312,16.040000915527344
2026-06-15 12:45:00-04:00,755.6900024414062,16.0
2026-06-15 12:50:00-04:00,755.7050170898438,16.010000228881836
2026-06-15 12:55:00-04:00,755.8499755859375,16.0
2026-06-15 13:00:00-04:00,755.8200073242188,15.989999771118164
2026-06-15 13:05:00-04:00,755.4074096679688,16.040000915527344
2026-06-15 13:10:00-04:00,755.7899780273438,16.06999969482422
2026-06-15 13:15:00-04:00,755.9849853515625,16.06999969482422
2026-06-15 13:20:00-04:00,756.1799926757812,16.079999923706055
2026-06-15 13:25:00-04:00,756.1300048828125,16.09000015258789
2026-06-15 13:30:00-04:00,755.9099731445312,16.110000610351562
2026-06-15 13:35:00-04:00,756.02001953125,16.1299991607666
2026-06-15 13:40:00-04:00,755.77001953125,16.139999389648438
2026-06-15 13:45:00-04:00,755.760009765625,16.15999984741211
2026-06-15 13:50:00-04:00,755.4199829101562,16.18000030517578
2026-06-15 13:55:00-04:00,755.2050170898438,16.229999542236328
2026-06-15 14:00:00-04:00,754.7999877929688,16.260000228881836
2026-06-15 14:05:00-04:00,755.02001953125,16.25
2026-06-15 14:10:00-04:00,755.1900024414062,16.239999771118164
2026-06-15 14:15:00-04:00,755.1199951171875,16.229999542236328
2026-06-15 14:20:00-04:00,754.969970703125,16.209999084472656
2026-06-15 14:25:00-04:00,754.719970703125,16.229999542236328
2026-06-15 14:30:00-04:00,754.8200073242188,16.229999542236328
2026-06-15 14:35:00-04:00,755.2000122070312,16.18000030517578
2026-06-15 14:40:00-04:00,755.25,16.170000076293945
2026-06-15 14:45:00-04:00,755.219970703125,16.15999984741211
2026-06-15 14:50:00-04:00,755.1500244140625,16.149999618530273
2026-06-15 14:55:00-04:00,755.0,16.1200008392334
2026-06-15 15:00:00-04:00,754.8049926757812,16.149999618530273
2026-06-15 15:05:00-04:00,754.8400268554688,16.1200008392334
2026-06-15 15:10:00-04:00,755.010009765625,16.1200008392334
2026-06-15 15:15:00-04:00,754.9600219726562,16.1200008392334
2026-06-15 15:20:00-04:00,754.6699829101562,16.06999969482422
2026-06-15 15:25:00-04:00,754.3699951171875,16.1299991607666
2026-06-15 15:30:00-04:00,754.3001098632812,16.1299991607666
2026-06-15 15:35:00-04:00,754.3699951171875,16.1299991607666
2026-06-15 15:40:00-04:00,754.4099731445312,16.079999923706055
2026-06-15 15:45:00-04:00,754.7000122070312,16.040000915527344
2026-06-15 15:50:00-04:00,753.905029296875,16.09000015258789
2026-06-15 15:55:00-04:00,754.6599731445312,16.049999237060547
2026-06-16 09:30:00-04:00,755.2000122070312,16.059999465942383
2026-06-16 09:35:00-04:00,754.77001953125,16.010000228881836
2026-06-16 09:40:00-04:00,754.8350219726562,16.030000686645508
2026-06-16 09:45:00-04:00,755.1500244140625,15.899999618530273
2026-06-16 09:50:00-04:00,754.9500122070312,15.890000343322754
2026-06-16 09:55:00-04:00,754.0900268554688,15.970000267028809
2026-06-16 10:00:00-04:00,754.6599731445312,15.869999885559082
2026-06-16 10:05:00-04:00,755.0700073242188,15.800000190734863
2026-06-16 10:10:00-04:00,754.8369750976562,15.8100004196167
2026-06-16 10:15:00-04:00,753.97998046875,15.90999984741211
2026-06-16 10:20:00-04:00,753.5499877929688,15.989999771118164
2026-06-16 10:25:00-04:00,753.0599975585938,16.079999923706055
2026-06-16 10:30:00-04:00,752.5399780273438,16.149999618530273
2026-06-16 10:35:00-04:00,753.5999755859375,15.949999809265137
2026-06-16 10:40:00-04:00,753.2750244140625,15.979999542236328
2026-06-16 10:45:00-04:00,753.1099853515625,15.970000267028809
2026-06-16 10:50:00-04:00,753.2000122070312,15.90999984741211
2026-06-16 10:55:00-04:00,752.9299926757812,15.989999771118164
2026-06-16 11:00:00-04:00,753.3099975585938,15.90999984741211
2026-06-16 11:05:00-04:00,753.4199829101562,15.850000381469727
2026-06-16 11:10:00-04:00,753.4299926757812,15.829999923706055
2026-06-16 11:15:00-04:00,753.030029296875,15.890000343322754
2026-06-16 11:20:00-04:00,752.9099731445312,15.930000305175781
2026-06-16 11:25:00-04:00,752.64990234375,15.960000038146973
2026-06-16 11:30:00-04:00,753.1699829101562,15.90999984741211
2026-06-16 11:35:00-04:00,752.8200073242188,15.9399995803833
2026-06-16 11:40:00-04:00,752.510009765625,15.979999542236328
2026-06-16 11:45:00-04:00,752.2299194335938,16.100000381469727
2026-06-16 11:50:00-04:00,753.1900024414062,15.9399995803833
2026-06-16 11:55:00-04:00,752.75,15.949999809265137
2026-06-16 12:00:00-04:00,753.3201293945312,15.869999885559082
2026-06-16 12:05:00-04:00,753.5,15.899999618530273
2026-06-16 12:10:00-04:00,753.6500244140625,15.84000015258789
2026-06-16 12:15:00-04:00,753.5999755859375,15.859999656677246
2026-06-16 12:20:00-04:00,753.52001953125,15.850000381469727
2026-06-16 12:25:00-04:00,753.3599853515625,15.880000114440918
2026-06-16 12:30:00-04:00,752.489990234375,15.970000267028809
2026-06-16 12:35:00-04:00,752.72998046875,15.949999809265137
2026-06-16 12:40:00-04:00,753.0399780273438,15.880000114440918
2026-06-16 12:45:00-04:00,752.739501953125,15.960000038146973
2026-06-16 12:50:00-04:00,752.5900268554688,15.979999542236328
2026-06-16 12:55:00-04:00,752.72998046875,15.989999771118164
2026-06-16 13:00:00-04:00,752.4500122070312,15.970000267028809
2026-06-16 13:05:00-04:00,752.4450073242188,15.970000267028809
2026-06-16 13:10:00-04:00,752.6099853515625,15.890000343322754
2026-06-16 13:15:00-04:00,752.1199951171875,15.9399995803833
2026-06-16 13:20:00-04:00,752.344970703125,15.899999618530273
2026-06-16 13:25:00-04:00,752.1900024414062,15.890000343322754
2026-06-16 13:30:00-04:00,752.0700073242188,15.899999618530273
2026-06-16 13:35:00-04:00,751.6699829101562,15.970000267028809
2026-06-16 13:40:00-04:00,751.9400024414062,15.859999656677246
2026-06-16 13:45:00-04:00,752.1099853515625,15.869999885559082
2026-06-16 13:50:00-04:00,752.5098876953125,15.800000190734863
2026-06-16 13:55:00-04:00,752.1199951171875,15.859999656677246
2026-06-16 14:00:00-04:00,752.1500244140625,15.869999885559082
2026-06-16 14:05:00-04:00,751.9600219726562,15.890000343322754
2026-06-16 14:10:00-04:00,752.02001953125,15.869999885559082
2026-06-16 14:15:00-04:00,751.9500122070312,15.850000381469727
2026-06-16 14:20:00-04:00,752.0399780273438,15.84000015258789
2026-06-16 14:25:00-04:00,752.135009765625,15.829999923706055
2026-06-16 14:30:00-04:00,751.8499755859375,15.850000381469727
2026-06-16 14:35:00-04:00,752.0599975585938,15.84000015258789
2026-06-16 14:40:00-04:00,752.114990234375,15.850000381469727
2026-06-16 14:45:00-04:00,751.8099975585938,15.90999984741211
2026-06-16 14:50:00-04:00,751.8400268554688,15.930000305175781
2026-06-16 14:55:00-04:00,751.780029296875,15.949999809265137
2026-06-16 15:00:00-04:00,751.7301025390625,15.970000267028809
2026-06-16 15:05:00-04:00,751.3505249023438,16.079999923706055
2026-06-16 15:10:00-04:00,750.9849853515625,16.15999984741211
2026-06-16 15:15:00-04:00,751.010009765625,16.139999389648438
2026-06-16 15:20:00-04:00,751.4199829101562,16.040000915527344
2026-06-16 15:25:00-04:00,751.219970703125,16.06999969482422
2026-06-16 15:30:00-04:00,750.6699829101562,16.200000762939453
2026-06-16 15:35:00-04:00,750.4500122070312,16.219999313354492
2026-06-16 15:40:00-04:00,750.989990234375,16.110000610351562
2026-06-16 15:45:00-04:00,750.7999877929688,16.1200008392334
2026-06-16 15:50:00-04:00,751.0900268554688,16.15999984741211
2026-06-16 15:55:00-04:00,750.3499755859375,16.309999465942383
2026-06-17 09:30:00-04:00,750.7050170898438,16.43000030517578
2026-06-17 09:35:00-04:00,750.4000244140625,16.420000076293945
2026-06-17 09:40:00-04:00,751.530029296875,16.280000686645508
2026-06-17 09:45:00-04:00,751.1411743164062,16.34000015258789
2026-06-17 09:50:00-04:00,751.35498046875,16.360000610351562
2026-06-17 09:55:00-04:00,749.87939453125,16.600000381469727
2026-06-17 10:00:00-04:00,750.4500122070312,16.56999969482422
2026-06-17 10:05:00-04:00,750.6699829101562,16.59000015258789
2026-06-17 10:10:00-04:00,751.2299194335938,16.479999542236328
2026-06-17 10:15:00-04:00,751.3198852539062,16.459999084472656
2026-06-17 10:20:00-04:00,752.1199951171875,16.360000610351562
2026-06-17 10:25:00-04:00,751.6900024414062,16.440000534057617
2026-06-17 10:30:00-04:00,750.75,16.59000015258789
2026-06-17 10:35:00-04:00,750.0399780273438,16.6200008392334
2026-06-17 10:40:00-04:00,750.198974609375,16.639999389648438
2026-06-17 10:45:00-04:00,749.4099731445312,16.790000915527344
2026-06-17 10:50:00-04:00,750.0700073242188,16.690000534057617
2026-06-17 10:55:00-04:00,749.0599975585938,16.84000015258789
2026-06-17 11:00:00-04:00,749.2349853515625,16.899999618530273
2026-06-17 11:05:00-04:00,748.739990234375,17.0
2026-06-17 11:10:00-04:00,749.625,16.8700008392334
2026-06-17 11:15:00-04:00,749.7999877929688,16.8799991607666
2026-06-17 11:20:00-04:00,749.8599853515625,16.920000076293945
2026-06-17 11:25:00-04:00,750.0,16.90999984741211
2026-06-17 11:30:00-04:00,750.5430908203125,16.799999237060547
2026-06-17 11:35:00-04:00,750.7150268554688,16.799999237060547
2026-06-17 11:40:00-04:00,750.3499755859375,16.860000610351562
2026-06-17 11:45:00-04:00,750.669189453125,16.829999923706055
2026-06-17 11:50:00-04:00,750.4249877929688,16.829999923706055
2026-06-17 11:55:00-04:00,750.6099853515625,16.829999923706055
2026-06-17 12:00:00-04:00,750.7249755859375,16.799999237060547
2026-06-17 12:05:00-04:00,750.6300048828125,16.84000015258789
2026-06-17 12:10:00-04:00,750.6199951171875,16.8700008392334
2026-06-17 12:15:00-04:00,750.9299926757812,16.829999923706055
2026-06-17 12:20:00-04:00,750.9600219726562,16.809999465942383
2026-06-17 12:25:00-04:00,750.760009765625,16.829999923706055
2026-06-17 12:30:00-04:00,750.3499755859375,16.8700008392334
2026-06-17 12:35:00-04:00,750.5250244140625,16.829999923706055
2026-06-17 12:40:00-04:00,750.22998046875,16.8700008392334
2026-06-17 12:45:00-04:00,750.0499877929688,16.90999984741211
2026-06-17 12:50:00-04:00,749.989990234375,16.899999618530273
2026-06-17 12:55:00-04:00,750.0050048828125,16.899999618530273
2026-06-17 13:00:00-04:00,749.489990234375,16.950000762939453
2026-06-17 13:05:00-04:00,749.4349975585938,16.959999084472656
2026-06-17 13:10:00-04:00,749.3400268554688,16.950000762939453
2026-06-17 13:15:00-04:00,749.4299926757812,16.950000762939453
2026-06-17 13:20:00-04:00,749.4000244140625,16.920000076293945
2026-06-17 13:25:00-04:00,749.6599731445312,16.84000015258789
2026-06-17 13:30:00-04:00,749.2100219726562,16.90999984741211
2026-06-17 13:35:00-04:00,749.6199951171875,16.809999465942383
2026-06-17 13:40:00-04:00,749.3150024414062,16.850000381469727
2026-06-17 13:45:00-04:00,749.6500244140625,16.799999237060547
2026-06-17 13:50:00-04:00,750.4000244140625,16.610000610351562
2026-06-17 13:55:00-04:00,750.864990234375,16.549999237060547
2026-06-17 14:00:00-04:00,745.1500244140625,17.670000076293945
2026-06-17 14:05:00-04:00,746.6900024414062,17.40999984741211
2026-06-17 14:10:00-04:00,746.6099853515625,17.43000030517578
2026-06-17 14:15:00-04:00,747.64501953125,17.1299991607666
2026-06-17 14:20:00-04:00,746.1900024414062,17.780000686645508
2026-06-17 14:25:00-04:00,746.2249755859375,17.770000457763672
2026-06-17 14:30:00-04:00,745.719970703125,17.799999237060547
2026-06-17 14:35:00-04:00,748.0349731445312,17.059999465942383
2026-06-17 14:40:00-04:00,749.9301147460938,16.709999084472656
2026-06-17 14:45:00-04:00,748.7999877929688,16.989999771118164
2026-06-17 14:50:00-04:00,748.3099975585938,16.959999084472656
2026-06-17 14:55:00-04:00,746.0,17.43000030517578
2026-06-17 15:00:00-04:00,746.0499877929688,17.389999389648438
2026-06-17 15:05:00-04:00,745.72998046875,17.389999389648438
2026-06-17 15:10:00-04:00,746.6099853515625,17.260000228881836
2026-06-17 15:15:00-04:00,744.1199951171875,17.700000762939453
2026-06-17 15:20:00-04:00,741.8300170898438,18.25
2026-06-17 15:25:00-04:00,742.0599975585938,18.229999542236328
2026-06-17 15:30:00-04:00,740.9000244140625,18.399999618530273
2026-06-17 15:35:00-04:00,739.530029296875,18.75
2026-06-17 15:40:00-04:00,739.9500122070312,18.719999313354492
2026-06-17 15:45:00-04:00,740.8200073242188,18.5
2026-06-17 15:50:00-04:00,740.0,18.670000076293945
2026-06-17 15:55:00-04:00,740.9299926757812,18.43000030517578
2026-06-18 09:30:00-04:00,745.8900146484375,16.850000381469727
2026-06-18 09:35:00-04:00,744.5800170898438,17.299999237060547
2026-06-18 09:40:00-04:00,744.030029296875,17.280000686645508
2026-06-18 09:45:00-04:00,745.2000122070312,17.110000610351562
2026-06-18 09:50:00-04:00,744.6500244140625,17.139999389648438
2026-06-18 09:55:00-04:00,744.75,17.280000686645508
2026-06-18 10:00:00-04:00,744.9299926757812,17.190000534057617
2026-06-18 10:05:00-04:00,745.8099975585938,17.139999389648438
2026-06-18 10:10:00-04:00,744.8599853515625,17.329999923706055
2026-06-18 10:15:00-04:00,746.1599731445312,17.09000015258789
2026-06-18 10:20:00-04:00,746.4400024414062,17.010000228881836
2026-06-18 10:25:00-04:00,745.3699951171875,17.25
2026-06-18 10:30:00-04:00,745.8200073242188,17.190000534057617
2026-06-18 10:35:00-04:00,746.5,17.059999465942383
2026-06-18 10:40:00-04:00,746.1400146484375,17.1299991607666
2026-06-18 10:45:00-04:00,747.0900268554688,16.950000762939453
2026-06-18 10:50:00-04:00,746.6500244140625,17.040000915527344
2026-06-18 10:55:00-04:00,746.8400268554688,16.950000762939453
2026-06-18 11:00:00-04:00,746.47998046875,17.040000915527344
2026-06-18 11:05:00-04:00,746.3900146484375,17.030000686645508
2026-06-18 11:10:00-04:00,746.1300048828125,17.010000228881836
2026-06-18 11:15:00-04:00,745.6898193359375,17.139999389648438
2026-06-18 11:20:00-04:00,745.5499877929688,17.110000610351562
2026-06-18 11:25:00-04:00,745.3800048828125,17.139999389648438
2026-06-18 11:30:00-04:00,745.5499877929688,17.06999969482422
2026-06-18 11:35:00-04:00,744.9099731445312,17.200000762939453
2026-06-18 11:40:00-04:00,744.8400268554688,17.139999389648438
2026-06-18 11:45:00-04:00,745.219970703125,17.100000381469727
2026-06-18 11:50:00-04:00,746.030029296875,16.950000762939453
2026-06-18 11:55:00-04:00,746.2501220703125,16.93000030517578
2026-06-18 12:00:00-04:00,745.948974609375,16.969999313354492
2026-06-18 12:05:00-04:00,746.0900268554688,16.979999542236328
2026-06-18 12:10:00-04:00,746.1900024414062,16.959999084472656
2026-06-18 12:15:00-04:00,746.1699829101562,16.93000030517578
2026-06-18 12:20:00-04:00,746.4199829101562,16.850000381469727
2026-06-18 12:25:00-04:00,746.6500244140625,16.809999465942383
2026-06-18 12:30:00-04:00,746.5499877929688,16.790000915527344
2026-06-18 12:35:00-04:00,747.1500244140625,16.670000076293945
2026-06-18 12:40:00-04:00,746.9567260742188,16.65999984741211
2026-06-18 12:45:00-04:00,746.8900146484375,16.639999389648438
2026-06-18 12:50:00-04:00,746.4400024414062,16.729999542236328
2026-06-18 12:55:00-04:00,746.6400146484375,16.780000686645508
2026-06-18 13:00:00-04:00,747.219970703125,16.670000076293945
2026-06-18 13:05:00-04:00,747.469970703125,16.610000610351562
2026-06-18 13:10:00-04:00,747.5850219726562,16.610000610351562
2026-06-18 13:15:00-04:00,747.9849853515625,16.59000015258789
2026-06-18 13:20:00-04:00,747.5150146484375,16.68000030517578
2026-06-18 13:25:00-04:00,747.5499877929688,16.700000762939453
2026-06-18 13:30:00-04:00,747.7750244140625,16.68000030517578
2026-06-18 13:35:00-04:00,747.3300170898438,16.709999084472656
2026-06-18 13:40:00-04:00,747.3400268554688,16.670000076293945
2026-06-18 13:45:00-04:00,747.260009765625,16.700000762939453
2026-06-18 13:50:00-04:00,747.2449951171875,16.68000030517578
2026-06-18 13:55:00-04:00,747.010009765625,16.739999771118164
2026-06-18 14:00:00-04:00,746.6400756835938,16.780000686645508
2026-06-18 14:05:00-04:00,746.6300048828125,16.75
2026-06-18 14:10:00-04:00,746.6599731445312,16.739999771118164
2026-06-18 14:15:00-04:00,746.614990234375,16.75
2026-06-18 14:20:00-04:00,746.6998291015625,16.729999542236328
2026-06-18 14:25:00-04:00,746.5,16.760000228881836
2026-06-18 14:30:00-04:00,746.3900146484375,16.770000457763672
2026-06-18 14:35:00-04:00,746.239990234375,16.799999237060547
2026-06-18 14:40:00-04:00,746.4949951171875,16.799999237060547
2026-06-18 14:45:00-04:00,746.7999267578125,16.719999313354492
2026-06-18 14:50:00-04:00,746.6799926757812,16.729999542236328
2026-06-18 14:55:00-04:00,746.385009765625,16.719999313354492
2026-06-18 15:00:00-04:00,745.989990234375,16.850000381469727
2026-06-18 15:05:00-04:00,745.9149780273438,16.860000610351562
2026-06-18 15:10:00-04:00,745.52001953125,16.920000076293945
2026-06-18 15:15:00-04:00,745.8900146484375,16.8799991607666
2026-06-18 15:20:00-04:00,745.8800048828125,16.84000015258789
2026-06-18 15:25:00-04:00,746.010009765625,16.799999237060547
2026-06-18 15:30:00-04:00,746.1900024414062,16.75
2026-06-18 15:35:00-04:00,746.9650268554688,16.56999969482422
2026-06-18 15:40:00-04:00,747.3009033203125,16.5
2026-06-18 15:45:00-04:00,747.0,16.510000228881836
2026-06-18 15:50:00-04:00,747.4500122070312,16.440000534057617
2026-06-18 15:55:00-04:00,746.5900268554688,16.450000762939453
